Title,Address,Access,Age,Floor,Fee,Management Fee,Deposit,Gratuity,Floor Plan,Area,Charge
ベルファース駒沢三丁目,東京都世田谷区駒沢３丁目,東急田園都市線 駒沢大学駅 徒歩10分、東急田園都市線 桜新町駅 徒歩13分,2023年7月(新築),3階建,"119,000円","10,000円",11.9万円,無料,2K,25.28㎡,0円
Ｋｏｌｅｔ堀切菖蒲園＃０５,東京都葛飾区東堀切２丁目,京成本線 お花茶屋駅 徒歩12分、京成本線 堀切菖蒲園駅 徒歩14分,2022年10月(築1年),3階建,"188,000円",0円,18.8万円,無料,2SLDK,72㎡,0円
市ヶ谷加賀町アパートA棟,東京都新宿区市谷加賀町２丁目,都営大江戸線 牛込柳町駅 徒歩5分,1969年4月(築54年),3階建,"163,000円","10,000円",16.3万円,無料,2LDK,48.71㎡,0円
Ｋｏｌｅｔ扇大橋,東京都足立区扇１丁目,日暮里舎人ライナー 扇大橋駅 徒歩11分,2023年1月(新築),3階建,"198,000円",0円,19.8万円,19.8万円,3LDK,76.99㎡,0円
グランカーサ三ノ輪Ⅱ,東京都台東区日本堤２丁目,東京メトロ日比谷線 三ノ輪駅 徒歩5分,2023年10月(新築),10階建,"171,000円","12,000円",無料,17.1万円,2DK,40.57㎡,0円
ＬＳメゾン,東京都杉並区方南２丁目,東京メトロ丸ノ内線 方南町駅 徒歩2分、東京メトロ丸ノ内線 中野富士見町駅 徒歩18分,2021年1月(築2年),3階建,"205,000円","5,000円",20.5万円,20.5万円,2LDK,60.21㎡,0円
ルフォンプログレ浅草入谷,東京都台東区千束２丁目,東京メトロ日比谷線 入谷駅 徒歩8分、つくばエクスプレス 浅草駅 徒歩11分,2022年1月(築1年),14階建,"205,000円","15,000円",20.5万円,無料,2LDK,50.4㎡,0円
リングハウス,東京都江戸川区鹿骨５丁目,ＪＲ総武線 小岩駅 徒歩26分,2005年7月(築18年),2階建,"95,000円","5,000円",無料,無料,3K,57.96㎡,0円
ウェルスクエア永福町,東京都杉並区和泉３丁目,京王井の頭線 永福町駅 徒歩5分,2023年10月(新築),4階建,"177,000円","10,000円",17.7万円,17.7万円,2LDK,42.88㎡,0円
ハイシティプラザ南大泉,東京都練馬区南大泉３丁目,西武池袋線 保谷駅 徒歩4分,1991年12月(築32年),8階建,"155,000円",0円,15.5万円,15.5万円,3LDK,74.63㎡,0円
錦織貸家,東京都新宿区西新宿５丁目,都営大江戸線 西新宿五丁目駅 徒歩6分、東京メトロ丸ノ内線 中野坂上駅 徒歩8分,2022年4月(築1年),2階建,"210,000円",0円,21.0万円,21.0万円,3DK,62.8㎡,"88,000円"
メゾン東小岩Ⅱ,東京都江戸川区東小岩５丁目,ＪＲ総武線 小岩駅 徒歩10分、京成本線 江戸川駅 徒歩14分,1988年11月(築35年),3階建,"80,000円","3,000円",8.0万円,無料,2K,36.36㎡,0円
コスモプレイス赤羽Ⅱ,東京都北区神谷２丁目,ＪＲ京浜東北・根岸線 赤羽駅 徒歩10分、東京メトロ南北線 志茂駅 徒歩14分,1989年6月(築34年),4階建,"105,000円","8,000円",10.5万円,無料,2DK,44.7㎡,0円
コンフォリア・リヴ根岸二丁目,東京都台東区根岸２丁目,ＪＲ山手線 鶯谷駅 徒歩3分、東京メトロ日比谷線 入谷駅 徒歩10分,2022年9月(築1年),13階建,"108,000円","8,000円",10.8万円,無料,2K,25.11㎡,0円
ADレジデンス戸越公園,東京都品川区豊町２丁目,東急大井町線 下神明駅 徒歩6分、東急大井町線 戸越公園駅 徒歩8分,1989年12月(築34年),3階建,"93,000円",0円,9.3万円,無料,2K,29.7㎡,"37,000円"
コンフォリア新御徒町,東京都台東区三筋２丁目,都営大江戸線 新御徒町駅 徒歩4分、都営大江戸線 蔵前駅 徒歩8分,2019年8月(築4年),14階建,"191,000円","10,000円",19.1万円,無料,2LDK,44.64㎡,0円
パークハイム,東京都北区赤羽１丁目,ＪＲ京浜東北・根岸線 赤羽駅 徒歩7分、ＪＲ埼京線 赤羽駅 徒歩7分,1992年12月(築31年),4階建,"115,000円",0円,11.5万円,無料,3K,46.92㎡,"88,000円"
エトワール,東京都北区赤羽２丁目,ＪＲ京浜東北・根岸線 赤羽駅 徒歩7分、東京メトロ南北線 赤羽岩淵駅 徒歩3分,2000年9月(築23年),6階建,"175,000円","5,000円",17.5万円,17.5万円,3LDK,67.65㎡,"88,000円"
ＡＬＴＥＲＮＡ日暮里,東京都荒川区東日暮里２丁目,東京メトロ日比谷線 三ノ輪駅 徒歩8分,2023年9月(新築),10階建,"198,000円","15,000円",無料,無料,2LDK,51.23㎡,0円
ピア・グランデ弐番館,東京都練馬区大泉学園町７丁目,西武池袋線 大泉学園駅 バス12分 西長久保下車 徒歩3分、東京メトロ有楽町線 地下鉄成増駅 バス12分 西長久保下車 徒歩3分,1992年10月(築31年),3階建,"107,500円","6,000円",10.8万円,無料,3DK,66.67㎡,0円
セゾンベルローズ,東京都大田区蒲田３丁目,京急本線 京急蒲田駅 徒歩6分、ＪＲ京浜東北・根岸線 蒲田駅 徒歩9分,1989年3月(築34年),3階建,"119,000円","7,000円",11.9万円,11.9万円,2DK,49.4㎡,0円
ＳＹＦＯＲＭＥ住吉,東京都江東区大島１丁目,東京メトロ半蔵門線 住吉駅 徒歩8分、都営新宿線 住吉駅 徒歩8分,2021年10月(築2年),10階建,"112,000円","10,000円",無料,無料,2K,25.74㎡,0円
ＡＬＴＥＲＮＡ新宿中落合,東京都新宿区中落合３丁目,都営大江戸線 落合南長崎駅 徒歩9分、西武池袋線 椎名町駅 徒歩10分,2020年9月(築3年),5階建,"100,000円","15,000円",無料,無料,2K,25.72㎡,0円
コスモリード駒沢大学,東京都世田谷区上馬２丁目,東急田園都市線 駒沢大学駅 徒歩8分、東急世田谷線 西太子堂駅 徒歩13分,1994年3月(築29年),5階建,"167,000円","8,000円",16.7万円,16.7万円,2LDK,54.42㎡,"88,000円"
山﨑マンション,東京都足立区東綾瀬３丁目,東京メトロ千代田線 北綾瀬駅 徒歩6分、つくばエクスプレス 青井駅 徒歩22分,1990年4月(築33年),3階建,"64,000円","2,000円",6.4万円,無料,2DK,43㎡,"70,400円"
日神パレステージ東長崎,東京都豊島区長崎５丁目,西武池袋線 東長崎駅 徒歩6分,1989年3月(築34年),10階建,"123,000円","8,000円",12.3万円,無料,2DK,43.5㎡,0円
グランデュール六義園,東京都文京区本駒込６丁目,都営三田線 千石駅 徒歩4分、ＪＲ山手線 巣鴨駅 徒歩9分,1994年10月(築29年),5階建,"129,000円","9,000円",12.9万円,12.9万円,2DK,41.18㎡,0円
WORVE東京木場,東京都江東区塩浜,東京メトロ東西線 木場駅 徒歩11分、東京メトロ有楽町線 豊洲駅 徒歩16分,2022年12月(築1年),12階建,"137,000円","18,000円",無料,無料,2K,30.9㎡,0円
タムラコーポ,東京都江戸川区上篠崎,都営新宿線 篠崎駅 徒歩13分,1991年3月(築32年),3階建,"63,000円","3,000円",6.3万円,無料,2DK,40.03㎡,0円
シャトル金町,東京都葛飾区南水元１丁目,ＪＲ常磐線 金町駅 徒歩19分、京成金町線 京成金町駅 徒歩21分,1990年7月(築33年),3階建,"64,000円","4,000円",無料,無料,2DK,39.74㎡,0円
桜レジデンスC,東京都荒川区町屋４丁目,東京メトロ千代田線 町屋駅 徒歩10分、京成本線 京成町屋駅 徒歩10分,1947年5月(築76年),2階建,"60,000円","5,000円",無料,無料,2K,33㎡,"66,000円"
サンハイム清水,東京都台東区橋場,東京メトロ銀座線 浅草駅 バス7分 橋場老人福祉館西下車 徒歩22分、ＪＲ常磐線 南千住駅 バス5分 橋場1丁目下車 徒歩18分,1989年10月(築34年),11階建,"128,000円","12,000円",12.8万円,無料,2LDK,53.63㎡,0円
コンフォール上祖師谷,東京都世田谷区上祖師谷５丁目,京王線 仙川駅 徒歩12分,1998年12月(築25年),4階建,"130,000円","12,000円",13.0万円,無料,2LDK,61.28㎡,0円
経堂サンハイツ,東京都世田谷区経堂,小田急小田原線 千歳船橋駅 徒歩6分、小田急小田原線 経堂駅 徒歩13分,1980年7月(築43年),3階建,"137,000円","3,000円",13.7万円,無料,3DK,54㎡,"34,000円"
クレストラン蒲田,東京都大田区蒲田３丁目,京急本線 京急蒲田駅 徒歩5分、ＪＲ京浜東北・根岸線 蒲田駅 徒歩11分,2022年8月(築1年),3階建,"140,000円","5,000円",無料,14.0万円,2DK,46.45㎡,"11,000円"
クリオ上野毛ラ・モード,東京都世田谷区上野毛１丁目,東急大井町線 上野毛駅 徒歩2分、東急田園都市線 二子玉川駅 徒歩17分,2004年8月(築19年),9階建,"194,000円","8,000円",無料,無料,2LDK,48.41㎡,0円
フローラルハイツお花茶屋,東京都葛飾区お花茶屋,京成本線 お花茶屋駅 徒歩12分、ＪＲ常磐線 亀有駅 徒歩20分,1973年3月(築50年),2階建,"45,000円",0円,無料,無料,2K,21.54㎡,0円
エステートピア・ｕ１号棟,東京都練馬区石神井台２丁目,西武池袋線 石神井公園駅 バス5分 石神井団地入口下車 徒歩19分、ＪＲ中央線 吉祥寺駅 バス27分 石神井団地入口下車 徒歩4分,1997年11月(築26年),2階建,"84,000円","3,000円",無料,無料,2DK,44.71㎡,"42,000円"
Ｂｒｉｌｌｉａ　ｉｓｔ　駒込,東京都北区西ケ原１丁目,ＪＲ山手線 駒込駅 徒歩5分、東京メトロ南北線 駒込駅 徒歩5分,2020年2月(築3年),12階建,"165,000円","12,000円",16.5万円,16.5万円,2DK,41.05㎡,0円
Ｊ．ＧＲＡＮ　Ｃｏｕｒｔ　浅草,東京都台東区浅草３丁目,東京メトロ銀座線 浅草駅 徒歩8分、つくばエクスプレス 浅草駅 徒歩7分,2023年9月(新築),12階建,"190,000円","15,000円",無料,無料,2DK,40.75㎡,0円
Ｊ．ＧＲＡＮ　Ｃｏｕｒｔ　品川西大井ＷＥＳＴ,東京都品川区西大井２丁目,ＪＲ横須賀線 西大井駅 徒歩7分、湘南新宿ライン宇須 西大井駅 徒歩7分,2023年8月(新築),5階建,"196,000円","20,000円",19.6万円,無料,2LDK,40.26㎡,0円
ルート南常盤台,東京都板橋区南常盤台１丁目,東武東上線 ときわ台駅 徒歩1分,1996年12月(築27年),7階建,"135,000円","10,000円",13.5万円,13.5万円,3DK,54.28㎡,0円
ジオエント浅草雷門,東京都台東区雷門１丁目,東京メトロ銀座線 浅草駅 徒歩4分、都営浅草線 浅草駅 徒歩4分,2023年2月(新築),11階建,"184,000円","15,000円",18.4万円,無料,2DK,40.85㎡,0円
パークアクシス蒲田壱番館,東京都大田区蒲田本町２丁目,京急本線 京急蒲田駅 徒歩8分、ＪＲ京浜東北・根岸線 蒲田駅 徒歩12分,2009年3月(築14年),7階建,"162,000円","10,000円",16.2万円,16.2万円,2DK,47.09㎡,0円
ハイツ若月,東京都中野区東中野４丁目,東京メトロ東西線 落合駅 徒歩4分、ＪＲ総武線 東中野駅 徒歩5分,1974年3月(築49年),3階建,"90,000円","5,000円",9.0万円,9.0万円,2DK,42㎡,"39,000円"
Ｊ．ＧＲＡＮ　Ｃｏｕｒｔ　品川西大井ＥＡＳＴ,東京都品川区西大井２丁目,ＪＲ横須賀線 西大井駅 徒歩7分、湘南新宿ライン宇須 西大井駅 徒歩7分,2023年9月(新築),9階建,"195,000円","20,000円",19.5万円,無料,2LDK,40.6㎡,0円
グリュンハイム和泉,東京都杉並区和泉,東京メトロ丸ノ内線 方南町駅 徒歩6分,1989年9月(築34年),5階建,"140,000円",0円,無料,無料,2LDK,61.79㎡,0円
イプセ多摩川緑地,東京都大田区南六郷３丁目,京急本線 雑色駅 徒歩10分、京急本線 六郷土手駅 徒歩13分,2007年2月(築16年),10階建,"160,000円","9,000円",16.0万円,16.0万円,2LDK,52.56㎡,0円
ダイヤハイツ,東京都中野区新井,ＪＲ中央線 中野駅 徒歩12分、西武新宿線 沼袋駅 徒歩9分,1998年9月(築25年),4階建,"125,000円","5,000円",12.5万円,12.5万円,2DK,41.17㎡,0円
デュオフラッツ板橋本町,東京都板橋区清水町,都営三田線 本蓮沼駅 徒歩4分、都営三田線 板橋本町駅 徒歩8分,2023年8月(新築),14階建,"203,000円","12,000円",20.3万円,無料,2LDK,46.85㎡,0円
アルファコート北綾瀬２,東京都足立区東和５丁目,東京メトロ千代田線 北綾瀬駅 徒歩10分,2023年5月(新築),7階建,"204,000円","15,000円",20.4万円,無料,2LDK,59.9㎡,0円
オープンブルーム綾瀬,東京都足立区綾瀬２丁目,ＪＲ常磐線 綾瀬駅 徒歩9分、東京メトロ千代田線 綾瀬駅 徒歩9分,2023年4月(新築),10階建,"195,000円","15,000円",19.5万円,無料,2LDK,49.12㎡,0円
Ｋｏｌｅｔ竹ノ塚北,東京都足立区西保木間２丁目,東武伊勢崎線 竹ノ塚駅 徒歩21分,2022年8月(築1年),3階建,"205,000円",0円,20.5万円,無料,3SLDK,97.19㎡,0円
フェリーチャス,東京都練馬区豊玉北,都営大江戸線 新江古田駅 徒歩6分、西武池袋線 江古田駅 徒歩13分,2020年3月(築3年),3階建,"197,000円","3,000円",19.7万円,19.7万円,3LDK,76.41㎡,"88,000円"
フェリーチェ錦糸町,東京都墨田区江東橋２丁目,ＪＲ総武線 錦糸町駅 徒歩7分、東京メトロ半蔵門線 住吉駅 徒歩8分,2022年2月(築1年),15階建,"106,000円","10,000円",10.6万円,無料,2K,25.6㎡,0円
リバティーハウス,東京都世田谷区船橋４丁目,小田急小田原線 千歳船橋駅 徒歩12分、京王線 桜上水駅 徒歩21分,1994年9月(築29年),3階建,"195,000円",0円,19.5万円,19.5万円,4LDK,73.7㎡,"88,000円"
堀切菖蒲園戸建,東京都葛飾区堀切６丁目,京成本線 堀切菖蒲園駅 徒歩8分、東京メトロ千代田線 綾瀬駅 徒歩19分,1985年10月(築38年),2階建,"148,000円",0円,14.8万円,無料,3DK,70.36㎡,0円
ジェノヴィア池袋本町,東京都豊島区池袋本町２丁目,東武東上線 下板橋駅 徒歩8分、東武東上線 北池袋駅 徒歩9分,2023年8月(新築),7階建,"115,500円","10,000円",無料,無料,2K,25.95㎡,0円
東京アクアージュ,東京都足立区栗原３丁目,東武伊勢崎線 西新井駅 徒歩10分、東武大師線 大師前駅 徒歩8分,2003年2月(築20年),14階建,"180,000円","10,000円",18.0万円,18.0万円,4LDK,93.03㎡,0円
フォレストメゾンＭ,東京都品川区南大井１丁目,京急本線 立会川駅 徒歩4分、ＪＲ京浜東北・根岸線 大井町駅 徒歩19分,2017年3月(築6年),2階建,"190,000円",0円,無料,無料,2LDK,69.77㎡,"88,000円"
ウェルスクエアイズム白金台,東京都港区白金台１丁目,都営三田線 白金台駅 徒歩5分、都営浅草線 高輪台駅 徒歩8分,2023年3月(新築),5階建,"206,000円","12,000円",20.6万円,20.6万円,2LDK,40.85㎡,0円
ＨＦ正光寺赤羽レジデンスⅡ,東京都北区岩淵町,東京メトロ南北線 赤羽岩淵駅 徒歩5分、ＪＲ京浜東北・根岸線 赤羽駅 徒歩13分,2020年1月(築3年),14階建,"200,000円","12,000円",20.0万円,20.0万円,2LDK,55.72㎡,0円
シャンボール第2南品川,東京都品川区南品川,京急本線 青物横丁駅 徒歩2分、ＪＲ京浜東北・根岸線 大井町駅 徒歩15分,1970年9月(築53年),7階建,"119,000円","10,000円",11.9万円,11.9万円,2DK,36㎡,"88,000円"
ＡＳＡＫＵＳＡ　ＯＮＥ,東京都台東区浅草５丁目,都営浅草線 浅草駅 徒歩13分、つくばエクスプレス 浅草駅 徒歩15分,2023年9月(新築),5階建,"194,000円","10,000円",無料,無料,2LDK,57.48㎡,0円
Ｋｏｌｅｔ梅島＃０３,東京都足立区梅田３丁目,東武伊勢崎線 梅島駅 徒歩16分,2022年5月(築1年),3階建,"197,000円",0円,19.7万円,無料,2SLDK,81.67㎡,0円
レジデンスシャルマン月島,東京都中央区月島３丁目,都営大江戸線 勝どき駅 徒歩6分、東京メトロ有楽町線 月島駅 徒歩5分,2004年1月(築19年),10階建,"204,000円","14,000円",20.4万円,無料,2DK,57.98㎡,0円
ミリアレジデンス品川中延,東京都品川区二葉４丁目,都営浅草線 中延駅 徒歩7分、湘南新宿ライン宇須 西大井駅 徒歩8分,2022年3月(築1年),5階建,"198,000円","15,000円",無料,無料,2DK,40.28㎡,0円
ＪＰｎｏｉｅ下高井戸,東京都世田谷区松原３丁目,京王線 下高井戸駅 徒歩3分、京王線 明大前駅 徒歩9分,2015年2月(築8年),13階建,"198,000円","15,000円",19.8万円,39.6万円,2LDK,47.75㎡,0円
ルクレ馬込,東京都大田区中馬込,都営浅草線 馬込駅 徒歩3分、都営浅草線 西馬込駅 徒歩12分,2017年4月(築6年),5階建,"144,000円","8,000円",無料,無料,2DK,40.88㎡,0円
サンライズ入谷,東京都台東区下谷３丁目,東京メトロ日比谷線 入谷駅 徒歩7分、東京メトロ日比谷線 三ノ輪駅 徒歩8分,1974年10月(築49年),11階建,"88,000円",0円,8.8万円,8.8万円,2K,38㎡,"88,000円"
パラシオン本郷,東京都文京区西片１丁目,都営三田線 春日駅 徒歩2分、東京メトロ南北線 後楽園駅 徒歩5分,1980年10月(築43年),9階建,"195,000円",0円,19.5万円,19.5万円,2LDK,54.75㎡,"88,000円"
ジュネス練馬,東京都練馬区中村北１丁目,西武池袋線 練馬駅 徒歩5分、都営大江戸線 練馬駅 徒歩5分,1978年1月(築45年),11階建,"84,000円","9,000円",8.4万円,無料,2DK,36.62㎡,0円
ミール千歳烏山,東京都世田谷区南烏山６丁目,京王線 千歳烏山駅 徒歩3分,1991年1月(築32年),9階建,"148,000円","5,000円",14.8万円,無料,2DK,46.2㎡,0円
コンフォリア下北沢,東京都世田谷区羽根木１丁目,京王井の頭線 下北沢駅 徒歩12分、京王井の頭線 新代田駅 徒歩6分,2005年2月(築18年),11階建,"204,000円","10,000円",20.4万円,無料,2DK,50.21㎡,0円
ディームス上野御徒町,東京都台東区台東３丁目,都営大江戸線 新御徒町駅 徒歩5分、東京メトロ日比谷線 仲御徒町駅 徒歩6分,2021年2月(築2年),13階建,"189,000円","12,000円",18.9万円,無料,2DK,40.2㎡,0円
ミュプレ池上,東京都大田区池上６丁目,東急池上線 池上駅 徒歩2分、東急多摩川線 矢口渡駅 徒歩18分,2021年3月(築2年),9階建,"168,000円","12,000円",16.8万円,無料,2DK,37.18㎡,0円
阪上ロイヤルハイツ第二,東京都荒川区南千住５丁目,東京メトロ日比谷線 南千住駅 徒歩8分、つくばエクスプレス 南千住駅 徒歩8分,1990年10月(築33年),10階建,"85,000円","8,000円",8.5万円,8.5万円,2DK,38.12㎡,0円
シャンポールサカエ,東京都北区中十条３丁目,ＪＲ京浜東北・根岸線 東十条駅 徒歩6分、ＪＲ埼京線 十条駅 徒歩12分,1987年1月(築36年),2階建,"76,000円","3,000円",7.6万円,無料,2DK,30.92㎡,0円
ジ・アパートメント　ヒルトップ中野,東京都中野区中野６丁目,ＪＲ中央線 中野駅 徒歩14分、東京メトロ東西線 落合駅 徒歩11分,2002年8月(築21年),12階建,"210,000円","6,000円",21.0万円,21.0万円,3LDK,65.08㎡,"88,000円"
Ｋｏｌｅｔ葛飾高砂＃０２,東京都葛飾区高砂７丁目,京成本線 京成高砂駅 徒歩10分,2022年8月(築1年),3階建,"209,000円",0円,20.9万円,無料,2SLDK,72.38㎡,0円
Ｋｏｌｅｔ葛飾鎌倉＃１６,東京都葛飾区鎌倉２丁目,京成本線 京成小岩駅 徒歩12分,2022年10月(築1年),2階建,"220,000円",0円,22.0万円,無料,2SLDK,74.52㎡,0円
ステラメゾン茗荷谷,東京都文京区小日向４丁目,東京メトロ丸ノ内線 茗荷谷駅 徒歩1分,2006年12月(築17年),14階建,"180,000円","10,000円",18.0万円,18.0万円,2DK,44.86㎡,"88,000円"
メゾン　チノ,東京都葛飾区青戸,京成本線 青砥駅 徒歩2分,1987年1月(築36年),2階建,"73,000円","2,000円",7.3万円,無料,2DK,38.33㎡,0円
サクラノキテラス中目黒,東京都目黒区上目黒３丁目,東急東横線 中目黒駅 徒歩6分、東急東横線 祐天寺駅 徒歩12分,2010年1月(築13年),3階建,"210,000円","5,000円",無料,無料,2DK,45.43㎡,0円
アイルグランデ大田,東京都大田区中馬込１丁目,都営浅草線 馬込駅 徒歩8分、都営浅草線 西馬込駅 徒歩13分,2021年4月(築2年),5階建,"135,000円","10,000円",無料,無料,2K,37.37㎡,0円
Ｋｏｌｅｔ葛飾西水元＃０８,東京都葛飾区西水元１丁目,ＪＲ常磐線 金町駅 徒歩38分,2023年1月(新築),2階建,"198,000円",0円,19.8万円,19.8万円,3LDK,77.21㎡,0円
Ｋｏｌｅｔ葛飾高砂＃０８,東京都葛飾区柴又４丁目,京成本線 京成高砂駅 徒歩11分、京成金町線 柴又駅 徒歩8分,2022年10月(築1年),3階建,"217,000円",0円,21.7万円,無料,2SLDK,96.23㎡,0円
Ｋｏｌｅｔ堀切菖蒲園＃０２,東京都葛飾区東堀切２丁目,京成本線 お花茶屋駅 徒歩12分,2022年10月(築1年),3階建,"188,000円",0円,18.8万円,無料,2SLDK,72.56㎡,0円
Ｋｏｌｅｔ葛飾高砂＃０３,東京都葛飾区高砂３丁目,京成本線 京成高砂駅 徒歩5分,2022年10月(築1年),3階建,"208,000円",0円,20.8万円,無料,2SLDK,72.68㎡,0円
Ｋｏｌｅｔ葛飾高砂＃０４,東京都葛飾区高砂６丁目,京成本線 京成高砂駅 徒歩14分,2022年10月(築1年),3階建,"196,000円",0円,19.6万円,無料,2SLDK,69.31㎡,0円
Ｋｏｌｅｔ葛飾鎌倉＃０６,東京都葛飾区鎌倉３丁目,京成本線 京成小岩駅 徒歩9分,2022年10月(築1年),3階建,"205,000円",0円,20.5万円,無料,2SLDK,75.34㎡,0円
グランドフェニックス,東京都新宿区西早稲田３丁目,ＪＲ山手線 高田馬場駅 徒歩11分、都電荒川線 面影橋駅 徒歩2分,1997年4月(築26年),13階建,"176,000円","16,000円",17.6万円,無料,2LDK,68.38㎡,"88,000円"
ワールドレジデンス,東京都豊島区長崎５丁目,西武池袋線 東長崎駅 徒歩5分、東京メトロ有楽町線 千川駅 徒歩14分,2023年12月(新築),2階建,"172,000円","5,000円",17.2万円,17.2万円,2LDK,53.68㎡,0円
オープンレジデンシア上野入谷,東京都台東区入谷２丁目,東京メトロ日比谷線 入谷駅 徒歩6分、つくばエクスプレス 浅草駅 徒歩9分,2023年8月(新築),15階建,"189,000円","10,000円",18.9万円,18.9万円,2LDK,48.1㎡,"88,000円"
Ｋｏｌｅｔ葛飾西水元＃０７,東京都葛飾区西水元１丁目,ＪＲ常磐線 金町駅 徒歩38分,2023年1月(新築),2階建,"198,000円",0円,19.8万円,19.8万円,3LDK,74.11㎡,0円
Ｋｏｌｅｔ足立神明南,東京都足立区神明南１丁目,つくばエクスプレス 六町駅 徒歩18分,2023年1月(新築),3階建,"220,000円",0円,22.0万円,22.0万円,3SLDK,91.49㎡,0円
Ｋｏｌｅｔ足立大谷田＃０３,東京都足立区大谷田１丁目,東京メトロ千代田線 北綾瀬駅 徒歩21分,2023年1月(新築),3階建,"188,000円",0円,18.8万円,18.8万円,2SLDK,71.27㎡,0円
Ｋｏｌｅｔ足立関原＃０２,東京都足立区関原２丁目,東武伊勢崎線 西新井駅 徒歩21分,2023年1月(新築),2階建,"204,000円",0円,20.4万円,20.4万円,2SLDK,89.79㎡,0円
Ｋｏｌｅｔ足立佐野＃０３,東京都足立区佐野２丁目,東京メトロ千代田線 北綾瀬駅 徒歩22分,2023年1月(新築),2階建,"203,000円",0円,20.3万円,20.3万円,4LDK,86.94㎡,0円
Ｋｏｌｅｔ亀有＃０３,東京都足立区東和２丁目,ＪＲ常磐線 亀有駅 徒歩12分,2022年10月(築1年),3階建,"199,000円",0円,19.9万円,無料,2SLDK,67.19㎡,0円
Ｋｏｌｅｔ八広＃０２,東京都墨田区東向島６丁目,京成押上線 八広駅 徒歩5分、東武伊勢崎線 東向島駅 徒歩8分,2022年10月(築1年),3階建,"215,000円",0円,21.5万円,無料,2SLDK,68.2㎡,0円
東雲キャナルコートＣＯＤＡＮ１８号棟,東京都江東区東雲１丁目,東京メトロ有楽町線 辰巳駅 徒歩9分、東京臨海高速鉄道りんかい線 東雲駅 徒歩12分,2004年3月(築19年),14階建,"200,000円","15,000円",20.0万円,20.0万円,2LDK,60.69㎡,0円
パークキューブ平和台,東京都練馬区平和台３丁目,東京メトロ有楽町線 平和台駅 徒歩9分、東京メトロ副都心線 平和台駅 徒歩9分,2007年6月(築16年),4階建,"201,000円",0円,20.1万円,20.1万円,2LDK,55.67㎡,0円
下落合ハウス,東京都新宿区下落合４丁目,西武新宿線 下落合駅 徒歩10分、西武池袋線 椎名町駅 徒歩11分,1951年1月(築72年),2階建,"109,000円",0円,無料,無料,2K,46.28㎡,0円
スカイタウン沼袋,東京都中野区沼袋３丁目,西武新宿線 沼袋駅 徒歩2分、西武新宿線 新井薬師前駅 徒歩13分,1987年11月(築36年),3階建,"112,000円","5,000円",11.2万円,無料,2DK,39.45㎡,"88,000円"
ハオスローレライ,東京都江戸川区上篠崎４丁目,都営新宿線 篠崎駅 徒歩6分、都営新宿線 瑞江駅 徒歩30分,1998年2月(築25年),8階建,"78,000円","6,000円",7.8万円,無料,2K,39.75㎡,0円
アルテシモクルブ,東京都目黒区目黒本町３丁目,東急目黒線 武蔵小山駅 徒歩5分、東急目黒線 西小山駅 徒歩12分,2023年11月(新築),6階建,"190,000円","15,000円",無料,無料,2DK,40.14㎡,0円
Ｋｏｌｅｔ梅島,東京都足立区梅田３丁目,東武伊勢崎線 梅島駅 徒歩14分,2022年5月(築1年),3階建,"218,000円",0円,21.8万円,無料,3SLDK,88.79㎡,0円
Ｋｏｌｅｔ足立入谷＃０３,東京都足立区入谷３丁目,日暮里舎人ライナー 舎人駅 徒歩13分,2023年1月(新築),3階建,"195,000円",0円,19.5万円,19.5万円,3LDK,94.8㎡,0円
Ｋｏｌｅｔ柴又＃０６,東京都葛飾区柴又２丁目,京成金町線 柴又駅 徒歩10分,2023年1月(新築),3階建,"201,000円",0円,20.1万円,20.1万円,2SLDK,72.09㎡,0円
Ｋｏｌｅｔ大師前＃０４,東京都足立区西新井本町４丁目,日暮里舎人ライナー 江北駅 徒歩14分,2023年1月(新築),3階建,"220,000円",0円,22.0万円,22.0万円,3SLDK,83.67㎡,0円
Ｋｏｌｅｔ竹ノ塚,東京都足立区六月２丁目,東武伊勢崎線 竹ノ塚駅 徒歩15分,2023年1月(新築),3階建,"200,000円",0円,20.0万円,20.0万円,2SLDK,79.9㎡,0円
Ｋｏｌｅｔ足立大谷田,東京都足立区大谷田５丁目,東京メトロ千代田線 北綾瀬駅 徒歩17分,2023年1月(新築),3階建,"209,000円",0円,20.9万円,20.9万円,2SLDK,87.56㎡,0円
Ｋｏｌｅｔ足立大谷田＃０２,東京都足立区大谷田５丁目,東京メトロ千代田線 北綾瀬駅 徒歩17分,2023年1月(新築),3階建,"209,000円",0円,20.9万円,20.9万円,2SLDK,87.56㎡,0円
Ｋｏｌｅｔ足立関原,東京都足立区関原２丁目,東武伊勢崎線 西新井駅 徒歩21分,2023年1月(新築),3階建,"201,000円",0円,20.1万円,20.1万円,3SLDK,94.9㎡,0円
Ｋｏｌｅｔ足立佐野＃０４,東京都足立区佐野２丁目,東京メトロ千代田線 北綾瀬駅 徒歩22分,2023年1月(新築),2階建,"203,000円",0円,20.3万円,20.3万円,4LDK,86.94㎡,0円
Ｋｏｌｅｔ足立東伊興,東京都足立区東伊興２丁目,東武伊勢崎線 竹ノ塚駅 徒歩17分,2021年11月(築2年),3階建,"184,000円",0円,18.4万円,無料,2SLDK,76.59㎡,0円
オーキッドレジデンス練馬北町,東京都練馬区北町２丁目,東武東上線 東武練馬駅 徒歩6分,1991年3月(築32年),7階建,"139,000円","10,000円",無料,無料,3DK,55㎡,0円
コンフォリア下落合,東京都新宿区中落合２丁目,西武新宿線 下落合駅 徒歩3分、都営大江戸線 中井駅 徒歩12分,2005年3月(築18年),5階建,"181,000円","10,000円",18.1万円,無料,2LDK,56.93㎡,0円
季美　東大井,東京都品川区東大井２丁目,ＪＲ京浜東北・根岸線 大井町駅 徒歩12分、京急本線 立会川駅 徒歩7分,2014年6月(築9年),14階建,"172,000円","10,000円",17.2万円,17.2万円,2LDK,68.41㎡,"88,000円"
Ｋｏｌｅｔ亀有＃０４,東京都足立区東和２丁目,ＪＲ常磐線 亀有駅 徒歩12分,2022年10月(築1年),3階建,"199,000円",0円,19.9万円,無料,2SLDK,67.19㎡,0円
Ｋｏｌｅｔ西新井本町＃１３,東京都足立区西新井本町４丁目,東武伊勢崎線 西新井駅 徒歩16分,2022年10月(築1年),3階建,"197,000円",0円,19.7万円,無料,2SLDK,82.14㎡,0円
Ｋｏｌｅｔ尾久＃０２,東京都荒川区西尾久６丁目,都電荒川線 小台駅 徒歩4分,2022年10月(築1年),3階建,"215,000円",0円,21.5万円,無料,2SLDK,72.32㎡,0円
メゾン・ド・ロア,東京都世田谷区砧５丁目,小田急小田原線 祖師ヶ谷大蔵駅 徒歩14分、小田急小田原線 成城学園前駅 徒歩20分,1983年3月(築40年),6階建,"160,000円","9,000円",16.0万円,無料,2SLDK,71.34㎡,0円
江戸川橋杉原ビルヂング,東京都新宿区山吹町,東京メトロ東西線 神楽坂駅 徒歩11分、東京メトロ東西線 早稲田駅 徒歩13分,1990年11月(築33年),12階建,"203,000円","12,000円",20.3万円,24.4万円,2LDK,65.52㎡,"88,000円"
豊電ビル,東京都新宿区高田馬場,ＪＲ山手線 高田馬場駅 徒歩4分、東京メトロ副都心線 西早稲田駅 徒歩7分,1983年4月(築40年),8階建,"168,000円","5,000円",16.8万円,16.8万円,3LDK,73.41㎡,"88,000円"
Ｋｏｌｅｔ葛飾水元,東京都葛飾区水元１丁目,ＪＲ常磐線 亀有駅 バス25分 飯塚橋下車 徒歩5分,2021年6月(築2年),2階建,"184,000円",0円,18.4万円,無料,3LDK,77.11㎡,0円
Ｋｏｌｅｔ葛飾新宿,東京都葛飾区新宿１丁目,京成金町線 京成高砂駅 徒歩14分,2023年1月(新築),3階建,"218,000円",0円,21.8万円,21.8万円,2SLDK,82.19㎡,0円
グランカーサ王子,東京都北区王子３丁目,東京メトロ南北線 王子駅 徒歩8分、ＪＲ京浜東北・根岸線 王子駅 徒歩10分,2021年9月(築2年),13階建,"197,000円","12,000円",19.7万円,無料,2LDK,55.75㎡,0円
Ｋｏｌｅｔ六町＃０５,東京都足立区南花畑４丁目,つくばエクスプレス 六町駅 徒歩12分,2022年7月(築1年),2階建,"220,000円",0円,22.0万円,無料,3LDK,80.93㎡,0円
Ｋｏｌｅｔ梅島＃０８,東京都足立区梅田４丁目,東武伊勢崎線 梅島駅 徒歩14分,2022年10月(築1年),3階建,"212,000円",0円,21.2万円,無料,2SLDK,90.45㎡,0円
Ｋｏｌｅｔ青井＃０３,東京都足立区青井６丁目,つくばエクスプレス 青井駅 徒歩14分,2022年10月(築1年),3階建,"188,000円",0円,18.8万円,無料,2SLDK,73.22㎡,0円
高井戸ロジュマン,東京都杉並区高井戸東４丁目,京王井の頭線 高井戸駅 徒歩11分、ＪＲ中央線 荻窪駅 バス13分 柳窪下車 徒歩3分,1996年9月(築27年),3階建,"140,000円","20,000円",無料,無料,2LDK,52.19㎡,0円
千石きむらビル,東京都葛飾区亀有,ＪＲ常磐線 亀有駅 徒歩3分,1992年1月(築31年),4階建,"95,000円","4,000円",無料,無料,2DK,51.1㎡,0円
リメゾン大島,東京都江東区大島,都営新宿線 東大島駅 徒歩5分、都営新宿線 大島駅 徒歩12分,1981年4月(築42年),2階建,"145,000円",0円,21.8万円,14.5万円,2LDK,41.25㎡,"88,000円"
Attirant下落合,東京都新宿区中落合１丁目,西武新宿線 下落合駅 徒歩6分、東京メトロ東西線 落合駅 徒歩12分,2023年6月(新築),4階建,"119,500円","15,000円",11.9万円,無料,2K,30.45㎡,"88,000円"
アイディ御殿山ヒルズファースト,東京都品川区北品川３丁目,京急本線 北品川駅 徒歩4分,2023年10月(新築),4階建,"159,000円","10,000円",無料,15.9万円,2K,47.04㎡,0円
ウェルスクエア用賀,東京都世田谷区用賀２丁目,東急田園都市線 用賀駅 徒歩3分、東急田園都市線 桜新町駅 徒歩15分,2023年9月(新築),5階建,"184,000円","10,000円",18.4万円,18.4万円,2LDK,40.45㎡,0円
シーズンフラッツ蔵前,東京都台東区蔵前３丁目,都営浅草線 蔵前駅 徒歩1分、都営大江戸線 蔵前駅 徒歩4分,2023年7月(新築),14階建,"200,000円","15,000円",20.0万円,無料,2LDK,43㎡,0円
Ｋｏｌｅｔ青井六丁目,東京都足立区青井６丁目,つくばエクスプレス 青井駅 徒歩16分、東武伊勢崎線 五反野駅 徒歩19分,2021年5月(築2年),3階建,"217,000円",0円,21.7万円,無料,2SLDK,91.7㎡,0円
ウェルスクエア方南町,東京都杉並区和泉４丁目,東京メトロ丸ノ内線 方南町駅 徒歩4分,2023年7月(新築),4階建,"169,000円","8,000円",16.9万円,16.9万円,2LDK,40.66㎡,0円
ウイング大森南,東京都大田区大森南５丁目,京急空港線 穴守稲荷駅 徒歩18分、京急空港線 大鳥居駅 徒歩19分,1988年4月(築35年),11階建,"108,000円","17,000円",無料,無料,2LDK,52.47㎡,0円
Ｋｏｌｅｔ葛飾西水元＃０６,東京都葛飾区西水元１丁目,ＪＲ常磐線 金町駅 徒歩34分,2022年12月(築1年),2階建,"198,000円",0円,19.8万円,19.8万円,3LDK,87.77㎡,0円
プレディアコート森下テラス,東京都墨田区千歳１丁目,ＪＲ総武線 両国駅 徒歩9分、都営新宿線 森下駅 徒歩10分,2022年1月(築1年),9階建,"110,000円","10,000円",11.0万円,無料,2K,26.25㎡,0円
Ｌａ　Ｄｏｕｃｅｕｒ志茂,東京都北区志茂５丁目,東京メトロ南北線 志茂駅 徒歩10分,2021年11月(築2年),8階建,"184,000円","15,000円",18.4万円,無料,2LDK,55.86㎡,0円
LIBR GRANT 四谷三丁目,東京都新宿区四谷４丁目,東京メトロ丸ノ内線 四谷三丁目駅 徒歩3分、都営新宿線 曙橋駅 徒歩8分,2023年1月(新築),5階建,"131,000円","8,000円",13.1万円,13.1万円,2K,25.05㎡,0円
ライオンズマンション練馬,東京都練馬区練馬３丁目,西武池袋線 練馬駅 徒歩6分、都営大江戸線 練馬駅 徒歩8分,1986年4月(築37年),14階建,"105,000円",0円,10.5万円,無料,2DK,44.1㎡,0円
ウェルスクエア武蔵小山,東京都品川区荏原４丁目,東急目黒線 武蔵小山駅 徒歩7分、東急目黒線 西小山駅 徒歩11分,2023年12月(新築),4階建,"192,000円","12,000円",19.2万円,19.2万円,2LDK,43.4㎡,0円
アルデア鷺宮,東京都中野区鷺宮４丁目,西武新宿線 鷺ノ宮駅 徒歩7分、西武新宿線 都立家政駅 徒歩14分,2019年2月(築4年),3階建,"116,000円","4,000円",無料,無料,2K,40.14㎡,"25,000円"
足立区島根戸建,東京都足立区島根２丁目,東武伊勢崎線 梅島駅 徒歩19分、東京メトロ日比谷線 北千住駅 バス10分 島根町下車 徒歩1分,1974年4月(築49年),2階建,"119,500円",0円,11.9万円,無料,2LDK,49.77㎡,"88,000円"
エクセルシオール大森,東京都大田区大森西１丁目,京急本線 大森町駅 徒歩16分、京急本線 平和島駅 徒歩17分,1997年10月(築26年),6階建,"110,000円","10,000円",無料,11.0万円,2DK,44.82㎡,0円
ヴェルドール芳花園,東京都大田区仲池上１丁目,都営浅草線 西馬込駅 徒歩10分、都営浅草線 馬込駅 徒歩22分,1988年6月(築35年),6階建,"90,000円","7,000円",無料,無料,2DK,38.38㎡,0円
永島ビル,東京都大田区西蒲田７丁目,東急池上線 蓮沼駅 徒歩5分、ＪＲ京浜東北・根岸線 蒲田駅 徒歩7分,1983年4月(築40年),6階建,"81,000円","2,000円",無料,無料,2DK,34.05㎡,0円
Ｋｏｌｅｔ足立江北＃０４,東京都足立区江北４丁目,日暮里舎人ライナー 江北駅 徒歩10分,2023年7月(新築),3階建,"196,000円",0円,19.6万円,19.6万円,3LDK,72.08㎡,0円
メジロテーク,東京都豊島区目白５丁目,西武池袋線 椎名町駅 徒歩3分、ＪＲ山手線 目白駅 徒歩17分,2002年2月(築21年),4階建,"160,000円","10,000円",16.0万円,16.0万円,2LDK,53㎡,0円
ウェルスクエア南大塚,東京都豊島区南大塚２丁目,ＪＲ山手線 大塚駅 徒歩7分、東京メトロ丸ノ内線 新大塚駅 徒歩6分,2023年7月(新築),5階建,"174,000円","12,000円",17.4万円,17.4万円,2LDK,40.59㎡,0円
エクセル５１８Ｂ棟,東京都大田区西蒲田５丁目,ＪＲ京浜東北・根岸線 蒲田駅 徒歩5分、東急池上線 蓮沼駅 徒歩10分,1990年3月(築33年),2階建,"85,000円","3,000円",無料,無料,2DK,37.26㎡,0円
レジディア葛西,東京都江戸川区南葛西３丁目,東京メトロ東西線 葛西駅 徒歩21分、ＪＲ京葉線 葛西臨海公園駅 徒歩22分,2000年1月(築23年),7階建,"149,000円","10,000円",14.9万円,14.9万円,3LDK,72㎡,0円
パークアクシス錦糸町・親水公園,東京都墨田区亀沢４丁目,ＪＲ総武線 錦糸町駅 徒歩10分、東京メトロ半蔵門線 錦糸町駅 徒歩12分,2012年6月(築11年),7階建,"197,000円","15,000円",19.7万円,19.7万円,2LDK,50.5㎡,0円
パークアクシス滝野川,東京都北区滝野川３丁目,都営三田線 西巣鴨駅 徒歩10分、ＪＲ埼京線 板橋駅 徒歩14分,2007年4月(築16年),7階建,"198,000円","10,000円",19.8万円,19.8万円,2LDK,53.5㎡,0円
コーポハーベスト,東京都江戸川区船堀,都営新宿線 船堀駅 徒歩3分,1997年1月(築26年),3階建,"84,000円","3,000円",8.4万円,無料,2DK,38.88㎡,0円
エステートピア・ｕ８号棟,東京都練馬区石神井台２丁目,西武池袋線 石神井公園駅 バス5分 石神井団地入口下車 徒歩19分、ＪＲ中央線 吉祥寺駅 バス27分 石神井団地入口下車 徒歩4分,1997年11月(築26年),2階建,"82,000円","5,000円",無料,無料,2DK,44.71㎡,0円
東矢口APARTMENT,東京都大田区東矢口１丁目,東急池上線 蓮沼駅 徒歩6分、東急池上線 池上駅 徒歩9分,1979年12月(築44年),2階建,"115,000円",0円,11.5万円,無料,2DK,41.31㎡,"88,000円"
Ｋｏｌｅｔ高野,東京都足立区江北１丁目,日暮里舎人ライナー 高野駅 徒歩10分,2023年7月(新築),3階建,"202,000円",0円,20.2万円,20.2万円,2SLDK,81.46㎡,0円
Ｋｏｌｅｔお花茶屋＃０４,東京都葛飾区東堀切３丁目,京成本線 お花茶屋駅 徒歩12分,2023年7月(新築),3階建,"217,000円",0円,21.7万円,21.7万円,2SLDK,81.14㎡,0円
Ｋｏｌｅｔ竹ノ塚＃０７,東京都足立区西保木間１丁目,東武伊勢崎線 竹ノ塚駅 徒歩16分,2023年7月(新築),3階建,"202,000円",0円,20.2万円,20.2万円,2SLDK,73.78㎡,0円
Ｋｏｌｅｔ足立新田,東京都足立区新田２丁目,東京メトロ南北線 王子神谷駅 徒歩22分,2023年7月(新築),3階建,"199,000円",0円,19.9万円,19.9万円,2SLDK,79.53㎡,0円
Ｋｏｌｅｔ梅島＃１４,東京都足立区梅田６丁目,東武伊勢崎線 梅島駅 徒歩10分,2023年7月(新築),3階建,"204,000円",0円,20.4万円,20.4万円,2SLDK,75.04㎡,0円
Ｋｏｌｅｔ葛飾奥戸,東京都葛飾区奥戸６丁目,ＪＲ総武線 小岩駅 徒歩20分,2023年4月(新築),3階建,"210,000円",0円,21.0万円,21.0万円,2SLDK,77.62㎡,0円
リーフコート東六郷,東京都大田区東六郷１丁目,京急本線 雑色駅 徒歩7分、京急空港線 糀谷駅 徒歩13分,1988年6月(築35年),3階建,"90,000円","3,000円",9.0万円,無料,2K,41㎡,0円
Ｋｏｌｅｔ舎人公園＃０４,東京都足立区皿沼１丁目,日暮里舎人ライナー 舎人公園駅 徒歩13分,2022年12月(築1年),3階建,"209,000円",0円,20.9万円,20.9万円,2SLDK,95.62㎡,0円
Ｋｏｌｅｔ大師前,東京都足立区西新井３丁目,東武伊勢崎線 西新井駅 徒歩24分、日暮里舎人ライナー 谷在家駅 徒歩16分,2022年9月(築1年),3階建,"209,000円",0円,20.9万円,無料,2SLDK,95.98㎡,0円
コスモグラシア三ノ輪,東京都台東区竜泉２丁目,東京メトロ日比谷線 三ノ輪駅 徒歩6分,2022年12月(築1年),14階建,"154,000円","15,000円",無料,無料,2DK,40.02㎡,0円
アビタシオンクレール,東京都大田区西糀谷１丁目,京急本線 京急蒲田駅 徒歩13分、京急空港線 糀谷駅 徒歩11分,1992年1月(築31年),7階建,"140,000円","10,000円",無料,無料,2SDK,49.5㎡,0円
興野一丁目戸建て,東京都足立区興野１丁目,東武大師線 西新井駅 徒歩16分、東武伊勢崎線 梅島駅 徒歩20分,1993年1月(築30年),3階建,"128,000円","2,000円",12.8万円,無料,4DK,78.41㎡,0円
メゾンシルク,東京都大田区南馬込５丁目,都営浅草線 西馬込駅 徒歩3分、都営浅草線 馬込駅 徒歩14分,1993年8月(築30年),2階建,"92,000円","3,000円",9.2万円,9.2万円,2K,38.2㎡,0円
サンハイツ,東京都大田区仲六郷２丁目,京急本線 雑色駅 徒歩5分、京急本線 六郷土手駅 徒歩17分,1996年2月(築27年),2階建,"85,000円",0円,8.5万円,無料,2K,40.36㎡,0円
Ｋｏｌｅｔ大師前＃０６,東京都足立区西新井本町３丁目,東武大師線 大師前駅 徒歩8分,2023年7月(新築),3階建,"204,000円",0円,20.4万円,20.4万円,2SLDK,70.27㎡,0円
ＳＹＦＯＲＭＥ亀戸,東京都江東区亀戸６丁目,ＪＲ総武線 亀戸駅 徒歩5分、東武亀戸線 亀戸駅 徒歩5分,2022年3月(築1年),14階建,"106,000円","10,000円",無料,無料,2K,25.4㎡,0円
Ｋｏｌｅｔ梅島＃１３,東京都足立区梅田６丁目,東武伊勢崎線 梅島駅 徒歩10分,2023年7月(新築),3階建,"194,000円",0円,19.4万円,19.4万円,2SLDK,70.18㎡,0円
Ｋｏｌｅｔお花茶屋＃０３,東京都葛飾区東堀切３丁目,京成本線 お花茶屋駅 徒歩12分,2023年7月(新築),3階建,"212,000円",0円,21.2万円,21.2万円,2SLDK,74.93㎡,0円
Ｋｏｌｅｔ大師前＃０５,東京都足立区西新井本町３丁目,東武大師線 大師前駅 徒歩8分,2023年7月(新築),3階建,"204,000円",0円,20.4万円,20.4万円,2SLDK,70.27㎡,0円
シーズンフラッツ根岸,東京都台東区根岸５丁目,東京メトロ日比谷線 三ノ輪駅 徒歩1分、都電荒川線 三ノ輪橋駅 徒歩3分,2022年12月(築1年),15階建,"202,000円","15,000円",20.2万円,無料,2LDK,51.89㎡,0円
サンフラット下馬,東京都世田谷区下馬３丁目,東急田園都市線 三軒茶屋駅 徒歩16分、東急東横線 学芸大学駅 徒歩18分,1992年6月(築31年),3階建,"210,000円","5,000円",33.1万円,無料,2LDK,78.72㎡,0円
Ｋｏｌｅｔ葛飾奥戸＃０２,東京都葛飾区奥戸６丁目,ＪＲ総武線 小岩駅 徒歩20分,2023年4月(新築),3階建,"201,000円",0円,20.1万円,20.1万円,2SLDK,75.66㎡,0円
Ｋｏｌｅｔ足立平野,東京都足立区平野３丁目,つくばエクスプレス 六町駅 徒歩17分,2023年5月(新築),3階建,"215,000円",0円,21.5万円,21.5万円,2SLDK,80.8㎡,0円
Ｋｏｌｅｔ青砥＃０４,東京都葛飾区青戸７丁目,京成押上線 青砥駅 徒歩12分,2023年4月(新築),3階建,"198,000円",0円,19.8万円,19.8万円,2SLDK,70.37㎡,0円
Ｋｏｌｅｔ青砥＃０５,東京都葛飾区青戸７丁目,京成押上線 青砥駅 徒歩12分,2023年4月(新築),3階建,"198,000円",0円,19.8万円,19.8万円,2SLDK,70.37㎡,0円
Ｋｏｌｅｔ青砥＃０６,東京都葛飾区青戸７丁目,京成押上線 青砥駅 徒歩12分,2023年4月(新築),3階建,"198,000円",0円,19.8万円,19.8万円,2SLDK,70.16㎡,0円
Ｋｏｌｅｔ舎人公園＃０３,東京都足立区皿沼１丁目,日暮里舎人ライナー 舎人公園駅 徒歩13分,2022年11月(築1年),3階建,"209,000円",0円,20.9万円,20.9万円,3SLDK,98.74㎡,0円
Ｋｏｌｅｔ足立佐野,東京都足立区佐野２丁目,東京メトロ千代田線 北綾瀬駅 徒歩22分,2023年1月(新築),2階建,"203,000円",0円,20.3万円,20.3万円,3SLDK,90.25㎡,0円
ブルックス,東京都板橋区本町,都営三田線 板橋本町駅 徒歩3分,1994年2月(築29年),7階建,"105,000円","5,000円",無料,無料,2DK,40㎡,0円
ビエラコート綾瀬,東京都足立区綾瀬３丁目,ＪＲ常磐線 綾瀬駅 徒歩8分,1991年12月(築32年),6階建,"141,000円","12,000円",14.1万円,14.1万円,3LDK,77.26㎡,0円
綾東ヴィレッジ弐番館,東京都足立区綾瀬６丁目,東京メトロ千代田線 綾瀬駅 徒歩11分、つくばエクスプレス 青井駅 徒歩7分,1991年9月(築32年),6階建,"137,000円","15,000円",13.7万円,無料,2LDK,66.01㎡,0円
小山ハイツ（弥生町）,東京都中野区弥生町１丁目,東京メトロ丸ノ内線 中野坂上駅 徒歩9分、都営大江戸線 西新宿五丁目駅 徒歩6分,1991年4月(築32年),3階建,"110,000円",0円,11.0万円,11.0万円,2DK,50.1㎡,"88,000円"
Ｋｏｌｅｔ堀切菖蒲園＃０６,東京都葛飾区堀切２丁目,京成本線 堀切菖蒲園駅 徒歩6分,2023年4月(新築),3階建,"194,000円",0円,19.4万円,19.4万円,2SLDK,70.55㎡,0円
小梅マンション,東京都練馬区桜台４丁目,西武池袋線 桜台駅 徒歩2分、西武有楽町線 新桜台駅 徒歩10分,1975年2月(築48年),4階建,"72,000円","3,000円",7.2万円,無料,2K,30㎡,0円
ライオンズ多摩川レジデンス,東京都大田区本羽田１丁目,京急空港線 糀谷駅 徒歩14分、京急本線 雑色駅 徒歩18分,2012年2月(築11年),10階建,"158,000円",0円,15.8万円,15.8万円,3LDK,75.95㎡,0円
イーストコア曳舟一番館,東京都墨田区京島１丁目,東武伊勢崎線 曳舟駅 徒歩2分、京成押上線 京成曳舟駅 徒歩5分,2008年9月(築15年),20階建,"200,000円","10,000円",20.0万円,40.0万円,2LDK,52.68㎡,"88,000円"
Plendy東砂,東京都江東区東砂５丁目,都営新宿線 東大島駅 徒歩20分、東京メトロ東西線 南砂町駅 徒歩24分,1988年11月(築35年),5階建,"78,000円","3,000円",無料,無料,2K,30.18㎡,0円
エクセル５１８Ａ棟,東京都大田区西蒲田５丁目,ＪＲ京浜東北・根岸線 蒲田駅 徒歩5分、東急池上線 蓮沼駅 徒歩8分,1990年3月(築33年),2階建,"85,000円","3,000円",無料,無料,2DK,37.26㎡,0円
アーベンライフ中葛西,東京都江戸川区中葛西,東京メトロ東西線 葛西駅 徒歩7分,1987年3月(築36年),4階建,"90,000円","5,000円",9.0万円,無料,2DK,42.52㎡,0円
佐野マンション,東京都大田区久が原２丁目,都営浅草線 西馬込駅 徒歩15分、東急池上線 久が原駅 徒歩17分,1971年3月(築52年),4階建,"64,000円","2,000円",6.4万円,無料,2K,30㎡,0円
アデナ西蒲田,東京都大田区西蒲田４丁目,東急池上線 蓮沼駅 徒歩12分、ＪＲ京浜東北・根岸線 蒲田駅 徒歩13分,1991年4月(築32年),3階建,"92,000円","5,000円",9.2万円,9.2万円,2DK,36.97㎡,0円
駿河ビル,東京都世田谷区中町４丁目,東急大井町線 上野毛駅 徒歩12分、東急田園都市線 用賀駅 徒歩16分,1994年10月(築29年),4階建,"110,000円","5,000円",11.0万円,無料,2DK,38㎡,0円
けやき通り北八番館,東京都荒川区南千住８丁目,東京メトロ日比谷線 南千住駅 徒歩16分、東京メトロ日比谷線 南千住駅 バス7分 汐入公園前下車 徒歩1分,1992年7月(築31年),10階建,"110,000円",0円,11.0万円,無料,2DK,49.39㎡,0円
わなかハイツB棟,東京都練馬区桜台５丁目,西武池袋線 桜台駅 徒歩12分、西武有楽町線 練馬駅 徒歩13分,1991年10月(築32年),2階建,"96,000円","2,000円",無料,無料,2DK,39.74㎡,0円
ドゥーエ大鳥居WEST,東京都大田区西糀谷２丁目,京急空港線 大鳥居駅 徒歩9分,2021年11月(築2年),5階建,"106,000円","8,000円",10.6万円,10.6万円,2K,25.61㎡,0円
ＫＤＸレジデンス上北沢,東京都世田谷区上北沢４丁目,京王線 上北沢駅 徒歩6分、京王線 八幡山駅 徒歩7分,2002年2月(築21年),10階建,"160,000円","10,000円",16.0万円,16.0万円,2LDK,50.53㎡,0円
Ｋｏｌｅｔ西新井四丁目,東京都足立区西新井４丁目,日暮里舎人ライナー 谷在家駅 徒歩5分,2022年12月(築1年),3階建,"217,000円",0円,21.7万円,21.7万円,2SLDK,82.21㎡,0円
南大泉シティタワー,東京都練馬区南大泉４丁目,西武池袋線 保谷駅 徒歩4分,1990年2月(築33年),14階建,"108,000円",0円,10.8万円,10.8万円,2DK,60.06㎡,0円
エミリブ練馬,東京都練馬区豊玉北５丁目,西武池袋線 練馬駅 徒歩4分、都営大江戸線 練馬駅 徒歩4分,2015年2月(築8年),14階建,"173,000円","12,000円",17.3万円,17.3万円,2LDK,50.91㎡,0円
ウェルスクエアイズム上北沢,東京都世田谷区上北沢５丁目,京王線 上北沢駅 徒歩6分、京王線 八幡山駅 徒歩9分,2021年8月(築2年),4階建,"159,000円","10,000円",15.9万円,無料,2LDK,41.48㎡,0円
リバーパーク大森,東京都大田区大森南２丁目,京急空港線 大鳥居駅 徒歩17分、京急本線 梅屋敷駅 徒歩22分,1985年5月(築38年),3階建,"131,000円","5,000円",無料,無料,3SDK,67.62㎡,0円
スペーシア池上,東京都大田区池上,東急池上線 池上駅 徒歩5分,1994年3月(築29年),7階建,"139,000円","8,000円",無料,無料,2DK,51.3㎡,0円
テラス明和A,東京都世田谷区深沢,東急大井町線 等々力駅 徒歩15分、東急田園都市線 桜新町駅 徒歩24分,1989年9月(築34年),2階建,"155,000円",0円,15.5万円,無料,2LDK,57.85㎡,0円
ル・サンク　アイリスタワー,東京都大田区蒲田３丁目,京急空港線 京急蒲田駅 徒歩2分、京急本線 梅屋敷駅 徒歩12分,2005年10月(築18年),20階建,"200,000円","15,000円",20.0万円,20.0万円,2LDK,63.84㎡,"88,000円"
パーク・サイド関,東京都台東区上野桜木１丁目,東京メトロ千代田線 根津駅 徒歩8分、ＪＲ山手線 鶯谷駅 徒歩10分,1987年4月(築36年),3階建,"145,000円","5,000円",14.5万円,14.5万円,2DK,38.8㎡,0円
シャンクレール桜新町,東京都世田谷区桜新町２丁目,東急田園都市線 桜新町駅 徒歩8分、東急田園都市線 用賀駅 徒歩11分,2002年3月(築21年),4階建,"190,000円","11,000円",19.0万円,19.0万円,2LDK,60.1㎡,"88,000円"
ドルメン五反田,東京都品川区西五反田６丁目,東急池上線 戸越銀座駅 徒歩9分、ＪＲ山手線 五反田駅 徒歩12分,1981年6月(築42年),10階建,"122,000円",0円,12.2万円,12.2万円,2DK,41.39㎡,0円
アムス桜丘,東京都世田谷区桜丘５丁目,小田急小田原線 千歳船橋駅 徒歩8分、小田急小田原線 祖師ヶ谷大蔵駅 徒歩13分,1978年11月(築45年),5階建,"69,000円","5,000円",無料,無料,2K,31.08㎡,0円
プロト大岡山Ⅱ,東京都目黒区南３丁目,東急大井町線 大岡山駅 徒歩9分、東急目黒線 洗足駅 徒歩11分,2019年8月(築4年),3階建,"149,000円","15,000円",無料,無料,2K,41.23㎡,0円
GSハイム荏原,東京都品川区中延６丁目,都営浅草線 中延駅 徒歩2分、東急大井町線 中延駅 徒歩5分,1979年7月(築44年),8階建,"86,000円","10,000円",無料,8.6万円,2K,33.48㎡,0円
ドミール四ツ木,東京都葛飾区東四つ木４丁目,京成押上線 四ツ木駅 徒歩6分、京成押上線 京成立石駅 徒歩15分,1989年3月(築34年),5階建,"123,000円","7,000円",12.3万円,無料,3DK,52.8㎡,0円
サンクォーレタワー,東京都中野区中野４丁目,ＪＲ中央線 中野駅 徒歩5分、東京メトロ東西線 中野駅 徒歩5分,1994年11月(築29年),26階建,"220,000円",0円,22.0万円,22.0万円,2LDK,60.53㎡,"88,000円"
ライオンズヴィアーレ竹の塚,東京都足立区東伊興３丁目,東武伊勢崎線 竹ノ塚駅 徒歩11分,1997年8月(築26年),10階建,"139,000円","11,000円",13.9万円,13.9万円,3LDK,71.26㎡,"88,000円"
プレール・ドゥーク芝浦,東京都港区海岸３丁目,ＪＲ山手線 田町駅 徒歩15分、新交通ゆりかもめ 芝浦ふ頭駅 徒歩2分,2019年5月(築4年),13階建,"210,000円","10,000円",無料,21.0万円,2LDK,51.84㎡,"88,000円"
ルネ・ビバリー２,東京都大田区下丸子２丁目,東急多摩川線 武蔵新田駅 徒歩6分、東急多摩川線 下丸子駅 徒歩6分,1989年12月(築34年),3階建,"87,000円","3,000円",8.7万円,8.7万円,2DK,39.15㎡,0円
トーシンハイツ西葛西,東京都江戸川区西葛西７丁目,東京メトロ東西線 西葛西駅 徒歩10分、ＪＲ京葉線 葛西臨海公園駅 バス15分 第七葛西小学校前下車 徒歩2分,1987年4月(築36年),3階建,"76,000円","3,000円",7.6万円,無料,2K,32.4㎡,0円
クレールメゾン左門町,東京都新宿区左門町,東京メトロ丸ノ内線 四谷三丁目駅 徒歩6分,1987年9月(築36年),4階建,"175,000円",0円,17.5万円,17.5万円,2LDK,46.24㎡,"88,000円"
ＢｅＣｏｍｆｏｒｔＶｉｌｌａｇｅ,東京都杉並区松ノ木１丁目,京王井の頭線 永福町駅 徒歩17分、東京メトロ丸ノ内線 新高円寺駅 徒歩20分,2002年2月(築21年),2階建,"113,000円","2,000円",11.3万円,11.3万円,2DK,47.2㎡,"88,000円"
ジェノヴィア南千住Ⅲスカイガーデン,東京都台東区清川２丁目,ＪＲ常磐線 南千住駅 徒歩9分、東京メトロ日比谷線 南千住駅 徒歩13分,2022年1月(築1年),12階建,"141,000円","15,000円",無料,無料,2LDK,41.08㎡,0円
らいとあっぷ,東京都練馬区南大泉３丁目,西武池袋線 保谷駅 徒歩10分,1997年2月(築26年),2階建,"150,000円",0円,15.0万円,無料,3LDK,75.48㎡,0円
アドリーム上原,東京都渋谷区上原３丁目,小田急小田原線 代々木上原駅 徒歩8分、小田急小田原線 東北沢駅 徒歩8分,1993年6月(築30年),3階建,"133,000円","5,000円",13.3万円,6.7万円,2DK,45.47㎡,"88,000円"
リリエンベルグ壱番館,東京都板橋区板橋１丁目,ＪＲ埼京線 板橋駅 徒歩2分、都営三田線 新板橋駅 徒歩5分,1996年3月(築27年),9階建,"92,000円","7,000円",9.2万円,9.2万円,2K,37.15㎡,"38,000円"
カシータ,東京都杉並区浜田山３丁目,京王井の頭線 浜田山駅 徒歩7分、京王井の頭線 西永福駅 徒歩7分,1986年9月(築37年),2階建,"218,000円",0円,21.8万円,無料,3SLDK,105.99㎡,0円
AGRATIO品川大井,東京都品川区大井３丁目,ＪＲ京浜東北・根岸線 大井町駅 徒歩10分、ＪＲ横須賀線 西大井駅 徒歩11分,2023年3月(新築),4階建,"201,000円","15,000円",無料,20.1万円,3DK,50.43㎡,0円
南馬込ハイツ A,東京都大田区南馬込６丁目,都営浅草線 西馬込駅 徒歩10分、都営浅草線 馬込駅 徒歩20分,1987年3月(築36年),2階建,"65,000円",0円,無料,無料,2K,29.8㎡,0円
ラグーナ東池袋,東京都豊島区東池袋２丁目,ＪＲ山手線 池袋駅 徒歩9分,1997年12月(築26年),12階建,"182,000円","6,000円",18.2万円,21.8万円,2LDK,66.83㎡,"88,000円"
コーポ司,東京都江戸川区西瑞江３丁目,都営新宿線 一之江駅 徒歩11分、都営新宿線 瑞江駅 徒歩13分,2001年5月(築22年),2階建,"76,000円","3,000円",無料,無料,2DK,34.78㎡,0円
サンファスト小松川,東京都江戸川区西小松川町,都営新宿線 船堀駅 徒歩21分、都営新宿線 一之江駅 徒歩31分,1985年3月(築38年),4階建,"115,000円","5,000円",無料,無料,3SDK,48.75㎡,0円
千草荘,東京都足立区柳原,東武伊勢崎線 牛田駅 徒歩6分,1975年4月(築48年),2階建,"70,000円","3,000円",無料,無料,2K,34.9㎡,0円
SYFORME OJIⅡ,東京都北区豊島１丁目,ＪＲ京浜東北・根岸線 王子駅 徒歩9分、東京メトロ南北線 王子駅 徒歩6分,2023年11月(新築),14階建,"106,000円","10,000円",無料,無料,2K,25.62㎡,0円
星山ビル,東京都大田区大森北１丁目,ＪＲ京浜東北・根岸線 大森駅 徒歩5分、京急本線 大森海岸駅 徒歩12分,1978年11月(築45年),5階建,"85,000円","2,000円",8.5万円,8.5万円,2DK,40.27㎡,0円
グランドメゾン田町,東京都港区芝浦２丁目,ＪＲ山手線 田町駅 徒歩10分、新交通ゆりかもめ 芝浦ふ頭駅 徒歩10分,1983年1月(築40年),14階建,"195,000円",0円,19.5万円,19.5万円,2DK,51.41㎡,"88,000円"
わなかハイツA棟,東京都練馬区桜台５丁目,西武池袋線 桜台駅 徒歩12分、都営大江戸線 練馬駅 徒歩12分,1990年3月(築33年),2階建,"96,000円","2,000円",無料,無料,2DK,39.74㎡,0円
大泉学園町五丁目戸建,東京都練馬区大泉学園町５丁目,西武池袋線 大泉学園駅 バス8分 大泉郵便局下車 徒歩9分、西武池袋線 大泉学園駅 徒歩28分,1966年10月(築57年),2階建,"85,000円",0円,8.5万円,無料,2LDK,46.91㎡,0円
グランセピア日暮里,東京都荒川区東日暮里６丁目,ＪＲ常磐線 三河島駅 徒歩4分、ＪＲ山手線 日暮里駅 徒歩9分,1989年10月(築34年),8階建,"122,000円","14,000円",12.2万円,12.2万円,2DK,44.2㎡,0円
エスト・メール東大井,東京都品川区東大井６丁目,ＪＲ京浜東北・根岸線 大井町駅 徒歩5分、京急本線 鮫洲駅 徒歩12分,1989年4月(築34年),6階建,"144,000円","15,000円",14.4万円,14.4万円,2DK,44㎡,"88,000円"
グランピエール,東京都大田区本羽田２丁目,京急空港線 糀谷駅 徒歩9分、京急空港線 大鳥居駅 徒歩18分,1993年3月(築30年),6階建,"160,000円","10,000円",16.0万円,16.0万円,2LDK,56.07㎡,"88,000円"
ユーコート白山,東京都文京区白山２丁目,都営三田線 白山駅 徒歩10分、東京メトロ丸ノ内線 茗荷谷駅 徒歩10分,1985年2月(築38年),5階建,"195,000円","5,000円",19.5万円,無料,2LDK,51.91㎡,"88,000円"
アーデンハウス,東京都世田谷区船橋４丁目,小田急小田原線 千歳船橋駅 徒歩15分、京王線 八幡山駅 徒歩23分,1987年10月(築36年),5階建,"105,000円","5,000円",無料,無料,2DK,41.52㎡,0円
三園さえぐさマンション,東京都板橋区三園１丁目,都営三田線 西高島平駅 徒歩5分、東武東上線 成増駅 徒歩25分,1991年3月(築32年),4階建,"72,000円","3,000円",7.2万円,無料,2K,31.3㎡,0円
バウスステージ練馬豊玉,東京都練馬区豊玉中３丁目,都営大江戸線 練馬駅 徒歩8分、西武池袋線 練馬駅 徒歩9分,2024年1月(新築),5階建,"188,000円","20,000円",18.8万円,無料,2SLDK,51.55㎡,"88,000円"
イーハトーヴ・ムトー,東京都北区東十条,ＪＲ京浜東北・根岸線 東十条駅 徒歩4分、ＪＲ埼京線 十条駅 徒歩10分,1989年7月(築34年),6階建,"116,000円","7,000円",11.6万円,11.6万円,2LDK,46.62㎡,0円
NDハイム5,東京都世田谷区鎌田,東急田園都市線 二子玉川駅 徒歩20分、東急大井町線 二子玉川駅 徒歩20分,1986年11月(築37年),4階建,"93,000円","5,000円",9.3万円,9.3万円,2DK,38.67㎡,0円
田中マンション,東京都中野区中野３丁目,ＪＲ中央線 中野駅 徒歩5分、東京メトロ丸ノ内線 東高円寺駅 徒歩10分,1967年4月(築56年),3階建,"107,000円","3,000円",10.7万円,10.7万円,2K,32.4㎡,0円
ＫＤＸレジデンス本蓮沼,東京都板橋区蓮沼町,都営三田線 本蓮沼駅 徒歩2分,2023年12月(新築),14階建,"175,000円","15,000円",17.5万円,17.5万円,2LDK,55.45㎡,0円
プレジール葛飾宝町,東京都葛飾区宝町１丁目,京成本線 お花茶屋駅 徒歩6分、京成押上線 京成立石駅 徒歩20分,1988年11月(築35年),3階建,"65,000円","5,000円",無料,無料,2DK,37.21㎡,"71,500円"
ライオンズマンション東陽町第３,東京都江東区南砂２丁目,東京メトロ東西線 東陽町駅 徒歩6分、東京メトロ東西線 南砂町駅 徒歩7分,1986年7月(築37年),12階建,"188,000円","10,000円",18.8万円,18.8万円,3LDK,62.44㎡,"88,000円"
南馬込ハイツ B,東京都大田区南馬込６丁目,都営浅草線 西馬込駅 徒歩10分、都営浅草線 馬込駅 徒歩21分,1987年3月(築36年),2階建,"70,000円",0円,7.0万円,無料,2K,29.8㎡,0円
ヴィラ・サンベルナール新宿,東京都新宿区新宿７丁目,都営大江戸線 東新宿駅 徒歩7分、ＪＲ山手線 新大久保駅 徒歩18分,1985年3月(築38年),5階建,"97,000円","5,000円",9.7万円,無料,2DK,30.07㎡,0円
ウィル,東京都足立区保木間５丁目,東武伊勢崎線 竹ノ塚駅 徒歩20分、東武伊勢崎線 谷塚駅 徒歩25分,2002年2月(築21年),5階建,"100,000円","5,000円",10.0万円,無料,2DK,50.13㎡,0円
石神井台７丁目戸建,東京都練馬区石神井台７丁目,西武新宿線 武蔵関駅 徒歩9分,2005年8月(築18年),2階建,"195,000円","10,000円",19.5万円,19.5万円,3SLDK,85.74㎡,0円
クリア砧公園,東京都世田谷区大蔵１丁目,小田急小田原線 成城学園前駅 バス8分 ＮＨＫ技術研究所下車 徒歩4分、東急田園都市線 二子玉川駅 バス16分 ＮＨＫ技術研究所下車 徒歩4分,1994年3月(築29年),5階建,"137,000円","10,000円",13.7万円,13.7万円,2LDK,61.55㎡,0円
けやき通り北十番館,東京都荒川区南千住８丁目,東京メトロ日比谷線 南千住駅 徒歩18分、東京メトロ日比谷線 南千住駅 バス7分 汐入公園前下車 徒歩3分,1997年10月(築26年),5階建,"180,000円",0円,18.0万円,無料,3LDK,83.66㎡,"88,000円"
コンフィール日本橋アクアシティ,東京都中央区日本橋浜町３丁目,都営新宿線 浜町駅 徒歩5分、東京メトロ半蔵門線 水天宮前駅 徒歩8分,2000年1月(築23年),12階建,"195,000円","15,000円",19.5万円,19.5万円,2LDK,54.83㎡,"88,000円"
プラザ勝どき,東京都中央区勝どき１丁目,都営大江戸線 勝どき駅 徒歩4分、東京メトロ日比谷線 築地駅 徒歩14分,1987年11月(築36年),14階建,"182,000円","16,000円",18.2万円,無料,2LDK,61.39㎡,"88,000円"
パークキューブ本所吾妻橋,東京都墨田区本所４丁目,都営浅草線 本所吾妻橋駅 徒歩6分、ＪＲ総武線 錦糸町駅 徒歩20分,2006年3月(築17年),10階建,"190,000円","15,000円",19.0万円,19.0万円,2LDK,55.49㎡,0円
パークアクシス新板橋ウエスト,東京都板橋区板橋４丁目,都営三田線 新板橋駅 徒歩2分、ＪＲ埼京線 板橋駅 徒歩8分,2007年2月(築16年),14階建,"170,000円","10,000円",17.0万円,17.0万円,2DK,48.06㎡,0円
Palazzo del Sole,東京都江東区扇橋３丁目,東京メトロ半蔵門線 住吉駅 徒歩13分、都営新宿線 住吉駅 徒歩13分,1980年2月(築43年),5階建,"80,000円","5,000円",8.0万円,無料,2DK,38.85㎡,0円
エピーメロン西瑞江,東京都江戸川区西瑞江３丁目,都営新宿線 一之江駅 徒歩12分、都営新宿線 瑞江駅 徒歩17分,1994年12月(築29年),2階建,"78,000円","3,000円",7.8万円,無料,2DK,39.74㎡,0円
サンモール鈴木,東京都杉並区和泉４丁目,東京メトロ丸ノ内線 方南町駅 徒歩2分,1988年4月(築35年),6階建,"99,000円","9,000円",9.9万円,9.9万円,2K,39.6㎡,0円
コスモ町屋リバーシティ,東京都荒川区町屋５丁目,東京メトロ千代田線 町屋駅 徒歩14分、都電荒川線 町屋駅前駅 徒歩14分,1991年11月(築32年),8階建,"160,000円","5,000円",16.0万円,16.0万円,2LDK,71.55㎡,"88,000円"
タウンハウス池上,東京都大田区仲池上２丁目,都営浅草線 西馬込駅 徒歩7分、東急池上線 池上駅 徒歩15分,1972年5月(築51年),3階建,"120,000円",0円,12.0万円,無料,2LDK,48.86㎡,0円
nido南千住,東京都荒川区南千住７丁目,ＪＲ常磐線 南千住駅 徒歩7分、東京メトロ日比谷線 南千住駅 徒歩8分,2024年2月(新築),15階建,"154,000円","20,000円",無料,無料,2LDK,45.06㎡,0円
メゾンキャナリー,東京都足立区西伊興４丁目,東武伊勢崎線 竹ノ塚駅 徒歩15分、日暮里舎人ライナー 舎人公園駅 徒歩19分,1973年11月(築50年),2階建,"63,000円",0円,6.3万円,無料,2K,30㎡,"69,300円"
松崎ビル,東京都大田区西蒲田６丁目,東急池上線 蓮沼駅 徒歩4分、ＪＲ京浜東北・根岸線 蒲田駅 徒歩9分,1971年8月(築52年),3階建,"59,000円","2,000円",5.9万円,5.9万円,2K,28.5㎡,0円
グローリア初穂久が原,東京都大田区久が原２丁目,都営浅草線 西馬込駅 徒歩11分、東急池上線 久が原駅 徒歩17分,1986年2月(築37年),6階建,"84,000円","5,000円",8.4万円,8.4万円,2DK,40㎡,0円
飯村ビル,東京都荒川区東尾久４丁目,ＪＲ山手線 田端駅 徒歩10分、日暮里舎人ライナー 赤土小学校前駅 徒歩4分,1962年1月(築61年),3階建,"70,000円",0円,7.0万円,7.0万円,2DK,35.47㎡,0円
メゾン西ヶ原,東京都北区西ケ原３丁目,東京メトロ南北線 西ヶ原駅 徒歩6分、ＪＲ山手線 駒込駅 徒歩12分,1993年9月(築30年),6階建,"85,000円","3,000円",8.5万円,8.5万円,2K,30.26㎡,0円
ファシネス玉川台,東京都世田谷区玉川台２丁目,東急田園都市線 用賀駅 徒歩8分、東急田園都市線 二子玉川駅 徒歩18分,1991年9月(築32年),7階建,"145,000円","9,000円",14.5万円,14.5万円,2LDK,53.99㎡,"88,000円"
グリーンハイム平成,東京都足立区千住緑町２丁目,京成本線 千住大橋駅 徒歩8分,1989年7月(築34年),5階建,"89,000円","14,000円",8.9万円,8.9万円,2LDK,46.6㎡,0円
南大塚戸建,東京都豊島区南大塚１丁目,東京メトロ丸ノ内線 新大塚駅 徒歩8分、ＪＲ山手線 大塚駅 徒歩13分,1978年1月(築45年),2階建,"190,000円",0円,19.0万円,19.0万円,2LDK,80.59㎡,0円
パークグレース新宿,東京都新宿区西新宿４丁目,都営大江戸線 都庁前駅 徒歩7分、ＪＲ山手線 新宿駅 徒歩16分,1979年3月(築44年),14階建,"161,000円","15,000円",16.1万円,無料,2LDK,53.07㎡,0円
ステイツ青戸,東京都葛飾区青戸３丁目,京成本線 青砥駅 徒歩4分,1988年6月(築35年),10階建,"75,000円","3,000円",7.5万円,無料,2K,39㎡,0円
アールコート南六郷,東京都大田区南六郷２丁目,京急本線 雑色駅 徒歩10分、京急空港線 糀谷駅 徒歩20分,1996年7月(築27年),4階建,"125,000円","6,000円",12.5万円,12.5万円,2K,46.56㎡,0円
ニューウエストビル,東京都新宿区西新宿５丁目,都営大江戸線 西新宿五丁目駅 徒歩5分、東京メトロ丸ノ内線 西新宿駅 徒歩8分,1992年1月(築31年),4階建,"170,000円","10,000円",17.0万円,17.0万円,2LDK,60㎡,0円
ライオンズマンション東品川,東京都品川区東品川３丁目,京急本線 新馬場駅 徒歩8分、東京臨海高速鉄道りんかい線 天王洲アイル駅 徒歩12分,1980年6月(築43年),11階建,"140,000円","12,000円",14.0万円,14.0万円,3DK,58.84㎡,"11,000円"
エンゼルハイム田園調布南,東京都大田区田園調布南,東急多摩川線 沼部駅 徒歩8分,1998年5月(築25年),6階建,"200,000円","10,000円",20.0万円,20.0万円,3LDK,67.56㎡,"88,000円"
成田西２丁目アパート,東京都杉並区成田西２丁目,京王井の頭線 浜田山駅 徒歩15分,2014年12月(築9年),2階建,"220,000円",0円,22.0万円,22.0万円,3LDK,108.01㎡,0円
ユリシーズ浜田山,東京都杉並区浜田山４丁目,京王井の頭線 浜田山駅 徒歩8分、京王井の頭線 西永福駅 徒歩10分,1990年9月(築33年),6階建,"131,000円","8,000円",13.1万円,13.1万円,2LDK,60.4㎡,"88,000円"
アレンタール西新宿,東京都新宿区西新宿４丁目,都営大江戸線 西新宿五丁目駅 徒歩7分、京王線 初台駅 徒歩9分,1974年6月(築49年),3階建,"215,000円","5,000円",21.5万円,21.5万円,2LDK,72.13㎡,"88,000円"
ハイツスガノ,東京都江戸川区江戸川３丁目,都営新宿線 一之江駅 徒歩14分、都営新宿線 瑞江駅 徒歩16分,1989年7月(築34年),3階建,"165,000円","10,000円",16.5万円,無料,3SLDK,75㎡,0円
ジェノヴィア木場Ⅱ,東京都江東区東陽１丁目,東京メトロ東西線 木場駅 徒歩7分、東京メトロ東西線 東陽町駅 徒歩8分,2023年6月(新築),10階建,"118,500円","10,000円",無料,無料,2K,25.76㎡,0円
ノースヒルズ平和台,東京都練馬区北町７丁目,東京メトロ有楽町線 平和台駅 徒歩5分、東京メトロ副都心線 地下鉄赤塚駅 徒歩14分,1993年4月(築30年),3階建,"90,000円",0円,9.0万円,9.0万円,2DK,40㎡,0円
大村貸家,東京都北区中里３丁目,ＪＲ山手線 駒込駅 徒歩7分,1983年12月(築40年),2階建,"120,000円",0円,12.0万円,12.0万円,3K,56.3㎡,0円
ニューハイム小原,東京都板橋区徳丸１丁目,東武東上線 東武練馬駅 徒歩12分,1985年9月(築38年),5階建,"75,000円",0円,7.5万円,7.5万円,2DK,39㎡,0円
Ｋｏｌｅｔ足立大谷田＃０５,東京都足立区大谷田１丁目,ＪＲ常磐線 亀有駅 徒歩22分,2023年1月(新築),2階建,"205,000円",0円,20.5万円,20.5万円,4LDK,87.97㎡,0円
フジマンション,東京都新宿区上落合３丁目,東京メトロ東西線 落合駅 徒歩7分、都営大江戸線 中井駅 徒歩7分,2007年5月(築16年),3階建,"100,000円","5,000円",10.0万円,無料,2K,35㎡,"33,000円"
メゾンウィステリアＡ棟,東京都中野区大和町１丁目,ＪＲ中央線 高円寺駅 徒歩12分、西武新宿線 野方駅 徒歩14分,1990年2月(築33年),2階建,"93,000円","2,000円",無料,無料,2DK,36.4㎡,"88,000円"
けやき通り北七番館,東京都荒川区南千住８丁目,東京メトロ日比谷線 南千住駅 徒歩17分、ＪＲ常磐線 南千住駅 徒歩17分,1992年3月(築31年),5階建,"113,000円",0円,11.3万円,11.3万円,2LDK,55.64㎡,"88,000円"
アーバンコート,東京都中野区新井２丁目,ＪＲ中央線 中野駅 徒歩12分、西武新宿線 沼袋駅 徒歩13分,2001年3月(築22年),4階建,"190,000円","12,000円",19.0万円,19.0万円,3LDK,72.52㎡,"88,000円"
パークキューブ西ヶ原ステージ,東京都北区西ケ原４丁目,都営三田線 西巣鴨駅 徒歩9分、ＪＲ山手線 巣鴨駅 徒歩15分,2009年12月(築14年),14階建,"188,000円","12,000円",18.8万円,18.8万円,2LDK,56.01㎡,0円
足立区六町１丁目戸建５,東京都足立区六町１丁目,つくばエクスプレス 六町駅 徒歩5分、東京メトロ千代田線 北綾瀬駅 徒歩17分,2022年5月(築1年),2階建,"190,000円",0円,19.0万円,9.5万円,3LDK,86.53㎡,"88,000円"
メゾン美羅樹ＩＩ,東京都杉並区梅里１丁目,東京メトロ丸ノ内線 新高円寺駅 徒歩5分、ＪＲ中央本線 高円寺駅 徒歩15分,1991年5月(築32年),3階建,"125,000円","8,000円",12.5万円,12.5万円,2DK,44.72㎡,"20,000円"
グリーンアレイ,東京都中野区本町４丁目,東京メトロ丸ノ内線 新中野駅 徒歩5分、東京メトロ丸ノ内線 中野新橋駅 徒歩7分,2007年11月(築16年),3階建,"124,000円","5,000円",24.8万円,無料,2K,40.55㎡,"88,000円"
リバーサイド小泉,東京都足立区小台２丁目,日暮里舎人ライナー 足立小台駅 徒歩10分、都電荒川線 小台駅 徒歩7分,1989年5月(築34年),4階建,"75,000円","2,000円",7.5万円,7.5万円,2K,35.23㎡,0円
コーポクロスティア,東京都足立区綾瀬４丁目,東京メトロ千代田線 綾瀬駅 徒歩7分、つくばエクスプレス 青井駅 徒歩12分,1987年1月(築36年),2階建,"65,000円","2,000円",無料,無料,2DK,27.13㎡,"71,000円"
ミリアレジデンス早稲田山吹町,東京都新宿区山吹町,東京メトロ有楽町線 江戸川橋駅 徒歩6分、東京メトロ東西線 早稲田駅 徒歩13分,2017年2月(築6年),5階建,"180,000円","10,000円",無料,無料,2DK,46.08㎡,0円
シャトレー富士,東京都世田谷区大原２丁目,京王線 代田橋駅 徒歩3分、京王線 笹塚駅 徒歩9分,1985年1月(築38年),3階建,"99,000円","4,000円",9.9万円,9.9万円,2DK,35.64㎡,0円
メゾンハギワラ,東京都中野区野方２丁目,西武新宿線 野方駅 徒歩10分、ＪＲ総武線 高円寺駅 徒歩13分,2001年3月(築22年),7階建,"86,000円","4,000円",8.6万円,8.6万円,2K,26㎡,0円
ジョイ深沢,東京都世田谷区深沢５丁目,東急大井町線 等々力駅 徒歩14分、東急田園都市線 駒沢大学駅 バス12分 園芸高校前下車 徒歩2分,1991年2月(築32年),2階建,"86,000円","3,000円",8.6万円,無料,2K,37.26㎡,0円
レジディア南千住,東京都荒川区南千住３丁目,東京メトロ日比谷線 南千住駅 徒歩13分、ＪＲ常磐線 南千住駅 徒歩13分,2007年3月(築16年),11階建,"178,000円","10,000円",17.8万円,17.8万円,2LDK,58.62㎡,0円
リバーピアカネコ,東京都江戸川区北小岩３丁目,京成本線 江戸川駅 徒歩3分、ＪＲ総武線 小岩駅 徒歩22分,1996年11月(築27年),3階建,"73,000円","4,000円",無料,無料,2DK,45.64㎡,"80,300円"
メゾンアルモニー,東京都江戸川区鹿骨５丁目,都営新宿線 篠崎駅 バス6分 鹿骨下車 徒歩4分、ＪＲ総武線 小岩駅 徒歩31分,2003年4月(築20年),3階建,"90,000円","3,000円",9.0万円,無料,2DK,49.9㎡,"9,000円"
フォルム３３,東京都荒川区東日暮里２丁目,ＪＲ山手線 日暮里駅 徒歩16分、東京メトロ日比谷線 三ノ輪駅 徒歩9分,1988年4月(築35年),5階建,"85,000円","10,000円",8.5万円,無料,2DK,37.9㎡,0円
ルミエール綾瀬,東京都足立区綾瀬３丁目,東京メトロ千代田線 綾瀬駅 徒歩3分、つくばエクスプレス 青井駅 徒歩20分,1991年6月(築32年),6階建,"100,000円","5,000円",無料,無料,2DK,42.02㎡,"88,000円"
第二泉水コーポ,東京都江東区東砂５丁目,東京メトロ東西線 南砂町駅 徒歩15分、都営新宿線 東大島駅 徒歩23分,1987年3月(築36年),3階建,"70,000円",0円,7.0万円,7.0万円,2DK,40㎡,0円
常盤台ガーデンソサエティ,東京都板橋区前野町２丁目,東武東上線 ときわ台駅 徒歩8分,2009年1月(築14年),18階建,"215,000円",0円,21.5万円,21.5万円,3LDK,77.72㎡,"88,000円"
野方1丁目戸建て（野崎方貸家）,東京都中野区野方１丁目,ＪＲ中央本線 高円寺駅 徒歩15分、西武新宿線 野方駅 徒歩16分,1974年6月(築49年),2階建,"148,000円",0円,14.8万円,14.8万円,3LDK,51.4㎡,0円
タウンハウスアサベール,東京都杉並区阿佐谷南１丁目,ＪＲ中央線 阿佐ヶ谷駅 徒歩10分、東京メトロ丸ノ内線 南阿佐ヶ谷駅 徒歩7分,1987年12月(築36年),2階建,"110,000円",0円,11.0万円,11.0万円,2DK,35.6㎡,0円
ベルハウス,東京都品川区豊町６丁目,都営浅草線 中延駅 徒歩3分、東急大井町線 戸越公園駅 徒歩7分,1979年11月(築44年),2階建,"98,000円","2,000円",9.8万円,9.8万円,2DK,36㎡,0円
サンライズ朝日,東京都中野区弥生町４丁目,東京メトロ丸ノ内線 中野新橋駅 徒歩8分、東京メトロ丸ノ内線 中野富士見町駅 徒歩10分,1986年12月(築37年),3階建,"84,000円","3,000円",無料,無料,2K,35.3㎡,"88,000円"
モアステージ赤羽,東京都北区赤羽北１丁目,ＪＲ埼京線 北赤羽駅 徒歩5分、東京メトロ南北線 赤羽岩淵駅 徒歩13分,1997年4月(築26年),10階建,"149,000円","10,000円",14.9万円,29.8万円,3LDK,60㎡,0円
石神井公園ピアレス・ザ・タワー,東京都練馬区石神井町２丁目,西武池袋線 石神井公園駅 徒歩3分,2002年3月(築21年),33階建,"187,000円","10,000円",18.7万円,28.1万円,2LDK,61.23㎡,"88,000円"
リビオメゾン南砂町,東京都江東区南砂２丁目,東京メトロ東西線 南砂町駅 徒歩11分、東京メトロ東西線 東陽町駅 徒歩12分,2021年10月(築2年),14階建,"194,000円","15,000円",19.4万円,19.4万円,2LDK,50㎡,0円
大田区西糀谷４丁目貸家,東京都大田区西糀谷４丁目,京急空港線 糀谷駅 徒歩5分,2002年6月(築21年),3階建,"200,000円",0円,無料,20.0万円,2SLDK,70.24㎡,"88,000円"
鈴木ハイム,東京都大田区東嶺町,東急池上線 御嶽山駅 徒歩2分、東急池上線 旗の台駅 徒歩8分,1975年1月(築48年),2階建,"89,000円",0円,8.9万円,無料,2LDK,42㎡,"88,000円"
Weave Place Monzennakacho,東京都江東区深川２丁目,東京メトロ東西線 門前仲町駅 徒歩6分、都営大江戸線 門前仲町駅 徒歩6分,2023年3月(新築),9階建,"142,000円","12,000円",無料,無料,2K,31.67㎡,0円
ワイズテラスコート,東京都大田区中央５丁目,都営浅草線 西馬込駅 徒歩14分,2017年4月(築6年),2階建,"160,000円","2,000円",16.0万円,32.0万円,2LDK,65.82㎡,"88,000円"
コーポつくば,東京都足立区東綾瀬１丁目,東京メトロ千代田線 綾瀬駅 徒歩10分、つくばエクスプレス 青井駅 徒歩24分,1987年1月(築36年),2階建,"54,000円",0円,無料,無料,2K,28.98㎡,"44,000円"
ホームズ山王,東京都大田区山王３丁目,ＪＲ京浜東北・根岸線 大森駅 徒歩5分、京急本線 大森海岸駅 徒歩13分,1986年4月(築37年),5階建,"125,000円",0円,25.0万円,無料,2DK,44.75㎡,"88,000円"
レクセル五反野,東京都足立区足立４丁目,東武伊勢崎線 五反野駅 徒歩6分、つくばエクスプレス 青井駅 徒歩27分,1994年2月(築29年),8階建,"115,000円",0円,11.5万円,11.5万円,3DK,51.83㎡,"88,000円"
テック上落合,東京都新宿区上落合１丁目,西武新宿線 下落合駅 徒歩3分、東京メトロ東西線 落合駅 徒歩8分,1990年7月(築33年),5階建,"115,000円","5,000円",11.5万円,11.5万円,2K,39.22㎡,0円
コーポレート相生,東京都板橋区相生町,都営三田線 志村三丁目駅 徒歩11分,1996年9月(築27年),4階建,"145,000円","10,000円",14.5万円,14.5万円,3DK,65.63㎡,"88,000円"
ＫＤＸレジデンス尾山台,東京都世田谷区玉堤１丁目,東急大井町線 尾山台駅 徒歩16分、東急田園都市線 二子玉川駅 バス12分 玉堤１丁目下車 徒歩6分,2022年2月(築1年),5階建,"207,000円","10,000円",無料,無料,2LDK,55.51㎡,0円
YTアベニュー,東京都板橋区志村１丁目,都営三田線 志村三丁目駅 徒歩6分、都営三田線 本蓮沼駅 徒歩7分,1966年1月(築57年),2階建,"140,000円",0円,14.0万円,28.0万円,3LDK,75㎡,"11,000円"
加島コーポ,東京都足立区神明２丁目,東京メトロ千代田線 北綾瀬駅 徒歩26分、つくばエクスプレス 六町駅 徒歩29分,1988年1月(築35年),3階建,"64,000円","3,000円",無料,無料,2DK,31.9㎡,0円
フィールランド,東京都江戸川区西瑞江３丁目,都営新宿線 一之江駅 徒歩11分、都営新宿線 瑞江駅 徒歩17分,2000年6月(築23年),5階建,"110,000円","15,000円",11.0万円,11.0万円,2LDK,61.93㎡,0円
ザ・パークハビオ新高円寺,東京都杉並区高円寺南２丁目,東京メトロ丸ノ内線 新高円寺駅 徒歩4分、東京メトロ丸ノ内線 東高円寺駅 徒歩7分,2021年10月(築2年),6階建,"200,000円","20,000円",20.0万円,20.0万円,2LDK,44.2㎡,0円
コスモパレス,東京都世田谷区喜多見,小田急小田原線 喜多見駅 徒歩5分、小田急小田原線 成城学園前駅 徒歩13分,1989年6月(築34年),4階建,"137,000円","8,000円",13.7万円,13.7万円,2LDK,65.08㎡,"13,000円"
リヴェールお花茶屋,東京都葛飾区お花茶屋,ＪＲ常磐線 亀有駅 徒歩20分、京成本線 お花茶屋駅 徒歩12分,1993年3月(築30年),5階建,"108,000円","7,000円",10.8万円,無料,3DK,59.36㎡,"88,000円"
ライオンズマンション日暮里駅前,東京都荒川区東日暮里５丁目,ＪＲ山手線 日暮里駅 徒歩2分、ＪＲ山手線 鶯谷駅 徒歩11分,1983年12月(築40年),11階建,"168,000円",0円,16.8万円,16.8万円,3DK,55.39㎡,"88,000円"
ファミルナリタ,東京都大田区本羽田２丁目,京急空港線 糀谷駅 徒歩11分、京急空港線 大鳥居駅 徒歩19分,1989年8月(築34年),3階建,"88,000円",0円,8.8万円,8.8万円,2DK,40㎡,"88,000円"
西山アパート,東京都中野区弥生町５丁目,東京メトロ丸ノ内線 中野富士見町駅 徒歩7分、東京メトロ丸ノ内線 中野新橋駅 徒歩11分,1973年2月(築50年),3階建,"68,000円","2,000円",6.8万円,無料,2K,27㎡,"51,000円"
コンフォリア二葉,東京都品川区二葉２丁目,湘南新宿ライン宇須 西大井駅 徒歩8分、東急大井町線 下神明駅 徒歩8分,2023年9月(新築),6階建,"115,000円","10,000円",11.5万円,無料,2K,25.37㎡,0円
要町ガーデンハイツ,東京都豊島区要町１丁目,東京メトロ有楽町線 要町駅 徒歩6分、東京メトロ副都心線 要町駅 徒歩6分,1992年3月(築31年),5階建,"178,000円","10,000円",17.8万円,21.4万円,2LDK,59.85㎡,"88,000円"
ルネ富士見,東京都中野区弥生町５丁目,東京メトロ丸ノ内線 中野富士見町駅 徒歩7分、東京メトロ丸ノ内線 中野新橋駅 徒歩15分,1985年2月(築38年),2階建,"62,000円",0円,無料,無料,2K,26㎡,"68,200円"
Ｓｕｎｓｃａｌａｒ船橋,東京都世田谷区船橋６丁目,小田急小田原線 経堂駅 徒歩17分、小田急小田原線 千歳船橋駅 徒歩17分,1989年2月(築34年),3階建,"104,000円","5,000円",10.4万円,10.4万円,2DK,44㎡,"88,000円"
ラフィーネ深沢サクラテラス,東京都世田谷区深沢５丁目,東急大井町線 等々力駅 徒歩19分、東急田園都市線 駒沢大学駅 徒歩22分,2013年9月(築10年),5階建,"190,000円","8,000円",19.0万円,38.0万円,2LDK,53.93㎡,"88,000円"
コーポレート池尻,東京都世田谷区池尻４丁目,東急田園都市線 池尻大橋駅 徒歩13分、京王井の頭線 駒場東大前駅 徒歩12分,1998年6月(築25年),5階建,"184,000円","6,000円",18.4万円,18.4万円,2DK,54.54㎡,"88,000円"
北川ハイツ,東京都新宿区北新宿１丁目,東京メトロ丸ノ内線 西新宿駅 徒歩10分、ＪＲ山手線 新宿駅 徒歩15分,1980年7月(築43年),2階建,"160,000円",0円,16.0万円,16.0万円,3DK,57㎡,"88,000円"
ヴィラージュ南台Ⅱ,東京都中野区南台４丁目,京王線 笹塚駅 徒歩10分、東京メトロ丸ノ内線 方南町駅 徒歩13分,1988年9月(築35年),2階建,"82,000円",0円,8.2万円,無料,2DK,40㎡,"88,000円"
ガーデンスクエア平和台,東京都練馬区早宮１丁目,東京メトロ有楽町線 平和台駅 徒歩7分,1988年1月(築35年),4階建,"84,000円","7,000円",8.4万円,8.4万円,2K,33㎡,0円
ガーデンプレイス久我山,東京都杉並区久我山３丁目,京王井の頭線 久我山駅 徒歩3分、京王井の頭線 富士見ヶ丘駅 徒歩13分,1984年6月(築39年),3階建,"160,000円","10,000円",16.0万円,16.0万円,3DK,60㎡,"88,000円"
サンロイヤル,東京都足立区綾瀬３丁目,東京メトロ千代田線 綾瀬駅 徒歩8分、つくばエクスプレス 青井駅 徒歩20分,1977年3月(築46年),3階建,"69,000円","3,000円",無料,無料,2K,23.12㎡,"70,000円"
S-FORT大森山王,東京都品川区西大井４丁目,都営浅草線 馬込駅 徒歩10分、ＪＲ京浜東北・根岸線 大森駅 徒歩13分,2016年9月(築7年),4階建,"138,000円","10,000円",無料,13.8万円,2DK,41.41㎡,"88,000円"
鈴木邸,東京都文京区本駒込４丁目,東京メトロ南北線 本駒込駅 徒歩11分、ＪＲ山手線 駒込駅 徒歩12分,1984年3月(築39年),3階建,"120,000円",0円,12.0万円,無料,2LDK,49.78㎡,"88,000円"
パークハイツ,東京都世田谷区上用賀１丁目,東急田園都市線 用賀駅 徒歩15分、東急田園都市線 桜新町駅 徒歩17分,1990年1月(築33年),3階建,"119,000円","6,000円",11.9万円,11.9万円,2DK,52.64㎡,"88,000円"
パルクメゾン,東京都目黒区碑文谷５丁目,東急東横線 学芸大学駅 徒歩9分、東急東横線 都立大学駅 徒歩16分,1990年12月(築33年),2階建,"123,000円","5,000円",12.3万円,12.3万円,2DK,45.83㎡,"21,000円"
マンションストーンミル・石森ビル,東京都中野区本町１丁目,東京メトロ丸ノ内線 中野坂上駅 徒歩2分、都営大江戸線 中野坂上駅 徒歩2分,1982年1月(築41年),11階建,"125,000円","11,250円",25.0万円,12.5万円,2DK,51.54㎡,"88,000円"
グランイーグルパークサイド大森南,東京都大田区大森南２丁目,京急空港線 大鳥居駅 徒歩19分,2015年10月(築8年),11階建,"150,000円","10,000円",15.0万円,30.0万円,3LDK,61.66㎡,"88,000円"
マルチプレックスＸ,東京都中野区沼袋２丁目,西武新宿線 沼袋駅 徒歩8分、ＪＲ中央線 中野駅 徒歩24分,2006年9月(築17年),3階建,"96,000円","4,000円",無料,無料,2K,32.29㎡,0円
ルフォンプログレ大森山王,東京都大田区山王３丁目,ＪＲ京浜東北・根岸線 大森駅 徒歩9分,2023年4月(新築),15階建,"197,000円","20,000円",19.7万円,無料,2LDK,44㎡,0円
ランファン・ドール二子玉川,東京都世田谷区鎌田３丁目,東急田園都市線 二子玉川駅 徒歩16分,2005年3月(築18年),4階建,"145,000円",0円,14.5万円,14.5万円,2DK,48.66㎡,"9,000円"
綾瀬5丁目　メゾネットマンション,東京都足立区綾瀬５丁目,ＪＲ常磐線 綾瀬駅 徒歩8分、つくばエクスプレス 青井駅 徒歩15分,1994年7月(築29年),5階建,"150,000円","10,000円",15.0万円,15.0万円,4LDK,92.78㎡,"47,000円"
サンローゼ津田第１,東京都中野区本町５丁目,東京メトロ丸ノ内線 中野新橋駅 徒歩5分、東京メトロ丸ノ内線 新中野駅 徒歩8分,1989年3月(築34年),5階建,"125,000円","8,000円",12.5万円,12.5万円,2DK,40.5㎡,"20,000円"
ルミネケー,東京都大田区上池台１丁目,東急池上線 長原駅 徒歩4分、東急池上線 洗足池駅 徒歩7分,1990年8月(築33年),2階建,"115,000円",0円,11.5万円,11.5万円,2DK,42㎡,0円
ＪＯＳハイツ多摩川,東京都大田区本羽田２丁目,京急空港線 糀谷駅 徒歩14分、京急空港線 大鳥居駅 徒歩19分,1997年8月(築26年),12階建,"125,000円","12,000円",12.5万円,無料,3LDK,65.1㎡,"88,000円"
重原メゾネット,東京都杉並区久我山３丁目,京王井の頭線 久我山駅 徒歩4分,1989年3月(築34年),2階建,"192,000円",0円,19.2万円,19.2万円,3LDK,80㎡,"88,000円"
フレシア経堂,東京都世田谷区経堂２丁目,小田急小田原線 経堂駅 徒歩5分,2021年12月(築2年),4階建,"105,000円","10,000円",10.5万円,10.5万円,2K,25.46㎡,0円
ライオンズプラザ池袋,東京都豊島区東池袋４丁目,ＪＲ山手線 池袋駅 徒歩10分、東京メトロ有楽町線 東池袋駅 徒歩3分,1982年2月(築41年),14階建,"115,000円","5,000円",11.5万円,11.5万円,2K,37.64㎡,"88,000円"
プレミアコンフォート高井戸,東京都杉並区高井戸東３丁目,京王井の頭線 高井戸駅 徒歩5分,2009年2月(築14年),5階建,"158,000円",0円,31.6万円,31.6万円,2LDK,55.63㎡,"88,000円"
サルーテ白山,東京都文京区白山１丁目,都営三田線 白山駅 徒歩4分、東京メトロ南北線 本駒込駅 徒歩8分,2001年3月(築22年),2階建,"168,000円","5,000円",16.8万円,16.8万円,2LDK,63.25㎡,0円
ＪＰ　ｎｏｉｅ　　錦糸町,東京都墨田区亀沢４丁目,東京メトロ半蔵門線 錦糸町駅 徒歩9分、ＪＲ総武線 錦糸町駅 徒歩9分,2021年8月(築2年),9階建,"179,000円","15,000円",17.9万円,無料,2DK,42.34㎡,0円
三桃マンション,東京都大田区大森中３丁目,京急本線 梅屋敷駅 徒歩8分、京急本線 大森町駅 徒歩11分,1988年3月(築35年),4階建,"103,000円","5,000円",10.3万円,10.3万円,2DK,42㎡,"32,000円"
ベルマンション,東京都新宿区新小川町,ＪＲ総武線 飯田橋駅 徒歩6分、都営大江戸線 飯田橋駅 徒歩6分,1977年1月(築46年),4階建,"133,000円",0円,13.3万円,13.3万円,2K,39.06㎡,"88,000円"
リベラルワタド,東京都練馬区平和台３丁目,東京メトロ有楽町線 平和台駅 徒歩8分,1990年3月(築33年),3階建,"115,000円","4,000円",11.5万円,無料,3DK,54㎡,0円
水穂マンション,東京都杉並区松庵３丁目,ＪＲ総武線 西荻窪駅 徒歩5分,1991年3月(築32年),3階建,"114,000円","6,000円",11.4万円,11.4万円,2K,29.25㎡,"88,000円"
ＳＫレジデンス,東京都豊島区南大塚３丁目,ＪＲ山手線 大塚駅 徒歩4分、東京メトロ丸ノ内線 新大塚駅 徒歩5分,1990年2月(築33年),9階建,"154,000円","8,000円",15.4万円,15.4万円,2DK,47.35㎡,0円
ハウス21,東京都中野区中野５丁目,ＪＲ中央線 中野駅 徒歩9分、西武新宿線 新井薬師前駅 徒歩13分,1993年3月(築30年),2階建,"120,000円",0円,12.0万円,12.0万円,2DK,42.26㎡,0円
プロフィットリンク竹ノ塚,東京都足立区竹の塚３丁目,東武伊勢崎線 竹ノ塚駅 徒歩15分、東武伊勢崎線 竹ノ塚駅 バス7分 増田橋バス停下車 徒歩2分,1990年2月(築33年),6階建,"88,000円","5,000円",8.8万円,無料,3LDK,60.42㎡,0円
プレステージ光ケ丘公園,東京都板橋区赤塚新町２丁目,東京メトロ有楽町線 地下鉄赤塚駅 徒歩6分、東京メトロ副都心線 地下鉄赤塚駅 徒歩6分,1992年6月(築31年),3階建,"93,000円","3,000円",9.3万円,無料,2DK,43.2㎡,"88,000円"
インペリアルハイツ,東京都北区西ケ原４丁目,都電荒川線 西ヶ原四丁目駅 徒歩2分、都営三田線 西巣鴨駅 徒歩6分,1989年8月(築34年),6階建,"96,000円","7,000円",9.6万円,9.6万円,2DK,38.44㎡,"36,000円"
Ｂｒｉｌｌｉａ　ｉｓｔ　文京茗荷谷,東京都文京区小日向４丁目,東京メトロ丸ノ内線 茗荷谷駅 徒歩5分,2019年3月(築4年),6階建,"184,000円","15,000円",18.4万円,無料,2DK,41.86㎡,0円
シティコープ柏木,東京都新宿区北新宿２丁目,ＪＲ総武線 大久保駅 徒歩9分,1986年5月(築37年),5階建,"183,000円","10,000円",18.3万円,18.3万円,2LDK,69.99㎡,"88,000円"
ジェイパーク東中野,東京都中野区東中野１丁目,ＪＲ総武線 東中野駅 徒歩5分、都営大江戸線 東中野駅 徒歩5分,1997年8月(築26年),7階建,"200,000円","15,000円",20.0万円,20.0万円,3DK,51.11㎡,"44,000円"
グランカーサ王子Ⅱ,東京都北区王子３丁目,東京メトロ南北線 王子駅 徒歩10分、ＪＲ京浜東北・根岸線 東十条駅 徒歩10分,2023年12月(新築),6階建,"189,000円","12,000円",無料,18.9万円,3LDK,50.76㎡,0円
桂ハウス B棟,東京都杉並区永福２丁目,京王井の頭線 永福町駅 徒歩6分、京王井の頭線 西永福駅 徒歩7分,1986年3月(築37年),2階建,"180,000円",0円,18.0万円,18.0万円,2LDK,70.4㎡,"88,000円"
鈴木一時貸家,東京都大田区東矢口１丁目,東急池上線 蓮沼駅 徒歩5分、東急多摩川線 矢口渡駅 徒歩13分,1960年7月(築63年),2階建,"120,000円",0円,12.0万円,12.0万円,4K,63.63㎡,"88,000円"
井ノ下マンション,東京都中野区本町５丁目,東京メトロ丸ノ内線 中野新橋駅 徒歩7分、東京メトロ丸ノ内線 中野富士見町駅 徒歩7分,1980年3月(築43年),3階建,"77,000円",0円,7.7万円,7.7万円,2K,29.7㎡,"46,000円"
ジェノヴィア板橋本町Ⅲスカイガーデン,東京都板橋区宮本町,都営三田線 板橋本町駅 徒歩8分、都営三田線 本蓮沼駅 徒歩12分,2021年10月(築2年),5階建,"192,000円","15,000円",無料,無料,2LDK,56.48㎡,0円
世田谷区上馬１丁目戸建,東京都世田谷区上馬１丁目,東急田園都市線 三軒茶屋駅 徒歩9分、東急田園都市線 駒沢大学駅 徒歩15分,2014年5月(築9年),3階建,"190,000円",0円,19.0万円,19.0万円,2SLDK,61.86㎡,"88,000円"
カーサビアンカ,東京都北区豊島２丁目,ＪＲ京浜東北・根岸線 王子駅 徒歩11分、都電荒川線 王子駅前駅 徒歩12分,1991年6月(築32年),3階建,"89,000円","5,000円",8.9万円,8.9万円,2DK,36.33㎡,"40,000円"
グランドメゾン三軒茶屋,東京都世田谷区三軒茶屋２丁目,東急田園都市線 三軒茶屋駅 徒歩1分,1998年3月(築25年),14階建,"181,000円","8,000円",18.1万円,36.2万円,2LDK,50.01㎡,"88,000円"
マンション美和（馬込）,東京都大田区東馬込１丁目,都営浅草線 馬込駅 徒歩1分、東急大井町線 荏原町駅 徒歩12分,1978年5月(築45年),4階建,"90,000円",0円,9.0万円,9.0万円,2K,40.42㎡,0円
第三コーポ本橋,東京都練馬区石神井台２丁目,西武新宿線 上石神井駅 徒歩18分、西武池袋線 大泉学園駅 徒歩19分,1982年7月(築41年),2階建,"55,000円","1,000円",5.5万円,無料,2DK,34.02㎡,"60,500円"
クレール羽田,東京都大田区西糀谷２丁目,京急空港線 大鳥居駅 徒歩10分、京急空港線 糀谷駅 徒歩16分,2001年3月(築22年),9階建,"89,000円","3,000円",8.9万円,8.9万円,2K,30.69㎡,"40,000円"
Mサンライズ青砥,東京都葛飾区青戸７丁目,京成押上線 青砥駅 徒歩12分、京成本線 お花茶屋駅 徒歩17分,1991年3月(築32年),2階建,"70,000円",0円,7.0万円,無料,2K,36.4㎡,"77,000円"
コンフォリア本駒込一丁目,東京都文京区本駒込１丁目,東京メトロ南北線 本駒込駅 徒歩3分、都営三田線 白山駅 徒歩5分,2022年2月(築1年),6階建,"145,000円","10,000円",14.5万円,無料,2K,34.48㎡,0円
プレジオ戸越,東京都品川区平塚１丁目,東急池上線 戸越銀座駅 徒歩1分、都営浅草線 戸越駅 徒歩2分,2000年1月(築23年),3階建,"138,000円","5,000円",13.8万円,13.8万円,2K,43.45㎡,"88,000円"
D'sVARIE上池台レジデンス,東京都大田区上池台,東急池上線 長原駅 徒歩3分、東急大井町線 北千束駅 徒歩9分,1989年6月(築34年),7階建,"202,000円","15,000円",20.2万円,20.2万円,2SLDK,63.5㎡,0円
メゾン・ヴェルデ,東京都世田谷区喜多見７丁目,小田急小田原線 喜多見駅 徒歩9分,1989年10月(築34年),3階建,"87,000円","5,000円",17.4万円,無料,2DK,43.51㎡,0円
パティオ・山の手,東京都豊島区雑司が谷,東京メトロ副都心線 雑司が谷駅 徒歩7分、東京メトロ有楽町線 東池袋駅 徒歩7分,1997年3月(築26年),5階建,"135,000円","7,000円",13.5万円,13.5万円,2DK,45.36㎡,"88,000円"
LANAI J GRANDE,東京都足立区足立,東武伊勢崎線 五反野駅 徒歩6分、東武伊勢崎線 小菅駅 徒歩8分,2001年5月(築22年),4階建,"126,000円","20,000円",12.6万円,12.6万円,3DK,55.8㎡,"88,000円"
上石神井グリーンハイツ,東京都練馬区上石神井１丁目,西武新宿線 上石神井駅 徒歩6分,1980年3月(築43年),8階建,"114,000円","10,000円",11.4万円,11.4万円,3DK,66.3㎡,"88,000円"
小田ビル,東京都足立区綾瀬６丁目,ＪＲ常磐線 綾瀬駅 徒歩11分、つくばエクスプレス 青井駅 徒歩10分,1996年9月(築27年),4階建,"75,000円",0円,7.5万円,無料,2K,36.4㎡,"47,000円"
メゾン石渡,東京都大田区東矢口１丁目,東急池上線 蓮沼駅 徒歩6分、東急多摩川線 矢口渡駅 徒歩13分,1989年5月(築34年),2階建,"82,000円",0円,無料,8.2万円,2DK,33.05㎡,0円
アーバンコート,東京都中野区中野３丁目,ＪＲ中央線 中野駅 徒歩7分、東京メトロ東西線 中野駅 徒歩5分,1989年4月(築34年),3階建,"140,000円","4,000円",14.0万円,14.0万円,2DK,43.72㎡,"88,000円"
エージーコーポ東高円寺,東京都杉並区高円寺南５丁目,東京メトロ丸ノ内線 東高円寺駅 徒歩6分、ＪＲ中央線 高円寺駅 徒歩12分,1988年4月(築35年),2階建,"86,000円","1,500円",8.6万円,8.6万円,2DK,33.39㎡,"88,000円"
第二ソイビーンハウス,東京都中野区本町３丁目,東京メトロ丸ノ内線 中野新橋駅 徒歩4分、東京メトロ丸ノ内線 新中野駅 徒歩7分,1967年1月(築56年),5階建,"103,000円","2,000円",10.3万円,10.3万円,2LDK,58㎡,"88,000円"
ドゥーエ成増,東京都板橋区成増３丁目,東武東上線 成増駅 徒歩10分,2022年9月(築1年),4階建,"188,000円","10,000円",18.8万円,無料,2LDK,55.21㎡,0円
千光荘,東京都中野区中野２丁目,ＪＲ中央線 中野駅 徒歩5分、東京メトロ丸ノ内線 新中野駅 徒歩12分,1975年3月(築48年),2階建,"90,000円","1,000円",9.0万円,9.0万円,2K,32.5㎡,"88,000円"
エクセレント小林,東京都中野区弥生町１丁目,東京メトロ丸ノ内線 中野新橋駅 徒歩7分、都営大江戸線 西新宿五丁目駅 徒歩10分,1990年6月(築33年),5階建,"120,000円","5,000円",12.0万円,12.0万円,2DK,42㎡,"88,000円"
アーバネックス蔵前,東京都台東区三筋１丁目,都営大江戸線 新御徒町駅 徒歩8分、都営浅草線 蔵前駅 徒歩6分,2019年7月(築4年),10階建,"190,000円","15,000円",19.0万円,無料,2LDK,41.49㎡,0円
ウェルスクエア学芸大学,東京都目黒区鷹番３丁目,東急東横線 学芸大学駅 徒歩2分,2023年12月(新築),5階建,"199,000円","12,000円",19.9万円,19.9万円,2LDK,40.84㎡,0円
クレドール富久,東京都新宿区富久町,都営新宿線 曙橋駅 徒歩7分、東京メトロ丸ノ内線 四谷三丁目駅 徒歩11分,1992年3月(築31年),4階建,"160,000円","5,000円",16.5万円,16.5万円,2LDK,53.16㎡,"88,000円"
ライオンズ東向島ミレス,東京都墨田区東向島４丁目,東武伊勢崎線 東向島駅 徒歩4分、東武伊勢崎線 曳舟駅 徒歩11分,2018年7月(築5年),9階建,"159,000円","10,000円",15.9万円,15.9万円,2LDK,54.54㎡,"88,000円"
メイフラット,東京都中野区本町１丁目,東京メトロ丸ノ内線 中野坂上駅 徒歩4分、都営大江戸線 中野坂上駅 徒歩4分,1967年5月(築56年),2階建,"50,000円",0円,5.0万円,5.0万円,2K,18㎡,"55,000円"
セキネハイツ,東京都杉並区和泉２丁目,京王井の頭線 永福町駅 徒歩10分、東京メトロ丸ノ内線 方南町駅 徒歩13分,1974年3月(築49年),2階建,"68,000円","2,000円",6.8万円,6.8万円,2K,28.45㎡,0円
斉藤ビル,東京都荒川区西日暮里６丁目,日暮里舎人ライナー 西日暮里駅 徒歩3分、東京メトロ千代田線 西日暮里駅 徒歩5分,1976年4月(築47年),4階建,"95,000円",0円,9.5万円,9.5万円,2DK,35㎡,0円
杉村ハウス,東京都練馬区桜台５丁目,西武池袋線 桜台駅 徒歩13分、西武池袋線 練馬駅 徒歩13分,1978年8月(築45年),2階建,"61,000円","1,000円",6.1万円,6.1万円,2K,29.52㎡,"67,100円"
メゾンドール,東京都世田谷区砧５丁目,小田急小田原線 祖師ヶ谷大蔵駅 徒歩14分、小田急小田原線 成城学園前駅 バス11分 日大商学部前下車 徒歩2分,1984年3月(築39年),6階建,"168,000円","9,000円",16.8万円,16.8万円,2LDK,61.6㎡,"88,000円"
飯田アパート,東京都目黒区鷹番３丁目,東急東横線 学芸大学駅 徒歩3分,1975年11月(築48年),2階建,"75,000円","3,000円",15.0万円,7.5万円,2K,33㎡,"82,500円"
ザ・クレスト,東京都北区岩淵町,東京メトロ南北線 赤羽岩淵駅 徒歩7分、ＪＲ埼京線 赤羽駅 徒歩15分,1990年9月(築33年),8階建,"145,000円","10,000円",14.5万円,14.5万円,3LDK,67.53㎡,"88,000円"
西星ハイツ,東京都江戸川区大杉４丁目,ＪＲ総武線 新小岩駅 バス11分 鹿本橋下車 徒歩7分,1977年10月(築46年),3階建,"64,000円","3,000円",無料,無料,2DK,29㎡,0円
上北沢南パーク・ホームズ,東京都世田谷区八幡山１丁目,京王線 上北沢駅 徒歩14分、京王線 桜上水駅 徒歩16分,1998年9月(築25年),7階建,"155,000円","8,000円",15.5万円,15.5万円,2LDK,54.8㎡,"88,000円"
ルピナス静和,東京都江戸川区中葛西６丁目,東京メトロ東西線 葛西駅 徒歩7分,1993年10月(築30年),10階建,"166,000円","10,000円",16.6万円,16.6万円,3LDK,72.8㎡,"88,000円"
クレストコート,東京都大田区東六郷３丁目,京急本線 六郷土手駅 徒歩8分、京急本線 雑色駅 徒歩12分,1999年3月(築24年),5階建,"147,000円","10,000円",14.7万円,無料,3LDK,65.17㎡,"88,000円"
オークスクエア新川,東京都中央区新川２丁目,東京メトロ日比谷線 茅場町駅 徒歩10分、ＪＲ京葉線 八丁堀駅 徒歩4分,2015年7月(築8年),7階建,"197,000円","15,000円",19.7万円,29.6万円,2LDK,40.78㎡,"88,000円"
桜台2丁目貸戸建,東京都練馬区桜台,西武有楽町線 新桜台駅 徒歩5分、東京メトロ副都心線 氷川台駅 徒歩8分,2024年2月(新築),2階建,"198,000円",0円,19.8万円,19.8万円,2SLDK,65.2㎡,"88,000円"
ＫＹパレス,東京都足立区佐野２丁目,東京メトロ千代田線 北綾瀬駅 徒歩19分、つくばエクスプレス 六町駅 徒歩30分,1988年6月(築35年),4階建,"67,000円","3,000円",無料,無料,2K,33.05㎡,"70,000円"
富士見マンション,東京都中野区弥生町５丁目,東京メトロ丸ノ内線 中野富士見町駅 徒歩5分、東京メトロ丸ノ内線 中野新橋駅 徒歩11分,1965年3月(築58年),4階建,"89,000円",0円,8.9万円,8.9万円,2DK,37㎡,"88,000円"
くつわだビル,東京都中野区弥生町１丁目,都営大江戸線 西新宿五丁目駅 徒歩7分、東京メトロ丸ノ内線 中野新橋駅 徒歩9分,1973年6月(築50年),6階建,"67,000円",0円,6.7万円,6.7万円,2K,23㎡,"52,000円"
エレガンスヤヨイＡ,東京都中野区弥生町１丁目,東京メトロ丸ノ内線 中野新橋駅 徒歩8分、都営大江戸線 西新宿五丁目駅 徒歩8分,1992年6月(築31年),4階建,"100,000円","3,000円",無料,10.0万円,2K,40㎡,"33,000円"
ベルモント北馬込,東京都大田区北馬込１丁目,東急大井町線 荏原町駅 徒歩5分、東急大井町線 旗の台駅 徒歩7分,1975年3月(築48年),4階建,"97,000円","2,000円",9.7万円,無料,2K,32㎡,0円
赤羽西貸家,東京都北区赤羽西３丁目,ＪＲ埼京線 赤羽駅 徒歩14分、ＪＲ京浜東北・根岸線 赤羽駅 徒歩14分,1979年3月(築44年),2階建,"125,000円",0円,25.0万円,12.5万円,3DK,62.1㎡,"88,000円"
Ｔ’ｓ　ｇａｒｄｅｎ西小山,東京都目黒区目黒本町５丁目,東急目黒線 西小山駅 徒歩5分、東急目黒線 武蔵小山駅 徒歩9分,2013年8月(築10年),4階建,"153,000円","5,000円",15.3万円,15.3万円,2DK,40.12㎡,0円
エコーピア,東京都墨田区八広４丁目,京成押上線 八広駅 徒歩10分,1992年2月(築31年),9階建,"95,000円",0円,9.5万円,9.5万円,2DK,41.07㎡,"88,000円"
ＧＲＡＮ　ＰＡＳＥＯ舎人,東京都足立区舎人１丁目,日暮里舎人ライナー 舎人駅 徒歩2分、日暮里舎人ライナー 舎人公園駅 徒歩13分,2021年10月(築2年),5階建,"76,000円","10,000円",無料,無料,2K,26.07㎡,0円
一の坂ハイツ,東京都新宿区中井２丁目,西武新宿線 中井駅 徒歩5分、都営大江戸線 落合南長崎駅 徒歩10分,1984年3月(築39年),2階建,"124,000円","3,000円",12.4万円,無料,2DK,43.72㎡,"88,000円"
六町１丁目戸建ｂ棟,東京都足立区六町１丁目,つくばエクスプレス 六町駅 徒歩7分、東京メトロ千代田線 北綾瀬駅 徒歩14分,2020年3月(築3年),2階建,"180,000円",0円,18.0万円,36.0万円,3LDK,82.8㎡,"88,000円"
メゾン・ド・フリハタ,東京都中野区丸山２丁目,西武新宿線 野方駅 徒歩8分、西武新宿線 都立家政駅 徒歩13分,1974年1月(築49年),3階建,"130,000円",0円,13.0万円,無料,2LDK,80㎡,0円
稲山壱番館,東京都大田区多摩川２丁目,ＪＲ京浜東北・根岸線 蒲田駅 徒歩18分、東急多摩川線 矢口渡駅 徒歩11分,1983年11月(築40年),3階建,"120,000円",0円,12.0万円,無料,2DK,43.2㎡,0円
サンローゼ津田第３,東京都中野区本町５丁目,東京メトロ丸ノ内線 中野新橋駅 徒歩5分、東京メトロ丸ノ内線 新中野駅 徒歩8分,1997年2月(築26年),5階建,"122,000円","8,000円",12.2万円,12.2万円,2DK,39.7㎡,"88,000円"
アミティー烏山,東京都世田谷区南烏山４丁目,京王線 千歳烏山駅 徒歩6分、京王線 芦花公園駅 徒歩9分,1990年3月(築33年),4階建,"123,000円","5,000円",12.3万円,無料,2DK,46.42㎡,0円
サンプレイス早宮,東京都練馬区早宮２丁目,東京メトロ有楽町線 平和台駅 徒歩4分、東京メトロ副都心線 平和台駅 徒歩4分,1997年3月(築26年),6階建,"134,000円",0円,13.4万円,26.8万円,2LDK,52㎡,"88,000円"
ぺアシティハウス竹の塚,東京都足立区竹の塚１丁目,東武伊勢崎線 竹ノ塚駅 徒歩7分、東武伊勢崎線 西新井駅 徒歩22分,1982年1月(築41年),6階建,"71,000円","7,000円",7.1万円,無料,2DK,46.84㎡,0円
LUCK FIELD　B棟,東京都足立区綾瀬７丁目,東京メトロ千代田線 北綾瀬駅 徒歩9分、ＪＲ常磐線 綾瀬駅 徒歩19分,2013年3月(築10年),3階建,"117,000円","3,000円",11.7万円,無料,2SLDK,56.91㎡,"88,000円"
ブリリアンス日本橋浜町参番館,東京都中央区日本橋浜町,都営新宿線 浜町駅 徒歩5分、東京メトロ半蔵門線 水天宮前駅 徒歩8分,1985年7月(築38年),9階建,"160,000円","10,000円",16.0万円,16.0万円,3LDK,56.48㎡,"88,000円"
ボワァール本駒込,東京都文京区本駒込１丁目,都営三田線 千石駅 徒歩7分、東京メトロ南北線 本駒込駅 徒歩7分,1994年9月(築29年),2階建,"155,000円",0円,15.5万円,15.5万円,2DK,51.75㎡,"88,000円"
下落合ハウス,東京都新宿区下落合１丁目,西武新宿線 下落合駅 徒歩2分、ＪＲ山手線 高田馬場駅 徒歩12分,1984年1月(築39年),10階建,"145,000円","5,000円",14.5万円,14.5万円,2DK,43.52㎡,0円
有賀ビル,東京都文京区大塚３丁目,東京メトロ丸ノ内線 茗荷谷駅 徒歩9分、都営三田線 千石駅 徒歩10分,1972年3月(築51年),5階建,"80,000円",0円,8.0万円,無料,2K,31.16㎡,"88,000円"
サンイーストひぐち,東京都江東区東陽３丁目,東京メトロ東西線 東陽町駅 徒歩4分、東京メトロ東西線 木場駅 徒歩8分,1997年11月(築26年),4階建,"100,000円",0円,10.0万円,無料,2DK,39.15㎡,"88,000円"
城西天沼コーポ,東京都杉並区天沼３丁目,ＪＲ中央線 荻窪駅 徒歩9分、ＪＲ総武線 荻窪駅 徒歩9分,1980年3月(築43年),2階建,"72,000円","1,500円",7.2万円,7.2万円,2K,33.4㎡,"49,000円"
ＡＲＫＭＡＲＫ巣鴨ｓｔａ．,東京都豊島区巣鴨１丁目,ＪＲ山手線 巣鴨駅 徒歩2分、都営三田線 巣鴨駅 徒歩2分,2020年12月(築3年),12階建,"117,500円","12,000円",無料,11.8万円,2K,26.01㎡,0円
東武ハイライン戸越銀座,東京都品川区平塚２丁目,東急池上線 戸越銀座駅 徒歩4分、都営浅草線 戸越駅 徒歩6分,1980年1月(築43年),7階建,"85,000円","5,000円",8.5万円,8.5万円,2DK,33.25㎡,0円
ＨＦ大森町レジデンス,東京都大田区大森中１丁目,京急本線 大森町駅 徒歩6分、京急本線 梅屋敷駅 徒歩8分,2002年11月(築21年),6階建,"189,000円","10,000円",18.9万円,無料,2LDK,53.47㎡,0円
カーサ・プリモ,東京都練馬区早宮２丁目,東京メトロ有楽町線 平和台駅 徒歩3分、東京メトロ副都心線 平和台駅 徒歩3分,2001年3月(築22年),5階建,"123,000円","7,000円",12.3万円,無料,2DK,41.75㎡,0円
グレースハイム,東京都北区赤羽１丁目,ＪＲ京浜東北・根岸線 赤羽駅 徒歩7分、ＪＲ埼京線 赤羽駅 徒歩7分,1988年7月(築35年),4階建,"105,000円","3,000円",10.5万円,10.5万円,2K,31.35㎡,"88,000円"
リバーサイド古野間Ⅰ,東京都足立区佐野１丁目,東京メトロ千代田線 北綾瀬駅 バス4分 綾瀬駅行下車 徒歩12分、東京メトロ千代田線 北綾瀬駅 徒歩24分,1986年2月(築37年),3階建,"85,000円","3,000円",無料,無料,3SDK,50㎡,0円
グレース目白,東京都新宿区下落合４丁目,西武新宿線 下落合駅 徒歩9分、ＪＲ山手線 目白駅 徒歩12分,1992年1月(築31年),3階建,"179,000円","8,000円",無料,無料,2LDK,85.93㎡,0円
春江町戸建,東京都江戸川区春江町３丁目,都営新宿線 瑞江駅 徒歩15分、東京メトロ東西線 葛西駅 バス15分 瑞江斎場下車 徒歩4分,1973年6月(築50年),2階建,"103,000円",0円,10.3万円,無料,2LDK,46.3㎡,"88,000円"
升本マンション,東京都文京区水道１丁目,東京メトロ有楽町線 江戸川橋駅 徒歩9分、東京メトロ丸ノ内線 茗荷谷駅 徒歩11分,1971年2月(築52年),9階建,"137,500円","12,500円",13.8万円,無料,2LDK,61.73㎡,0円
レジデンス浜田山,東京都杉並区浜田山３丁目,京王井の頭線 浜田山駅 徒歩5分、京王井の頭線 高井戸駅 徒歩15分,1996年5月(築27年),7階建,"135,000円","6,000円",13.5万円,13.5万円,2DK,45㎡,"88,000円"
ルフォンプログレ上野入谷フロント,東京都台東区下谷２丁目,東京メトロ日比谷線 入谷駅 徒歩2分、ＪＲ山手線 鶯谷駅 徒歩7分,2022年8月(築1年),13階建,"186,000円","15,000円",18.6万円,18.6万円,2LDK,42.06㎡,0円
ＣＩＴＹ　ＳＰＩＲＥ　両国,東京都墨田区両国２丁目,ＪＲ総武線 両国駅 徒歩4分、都営大江戸線 両国駅 徒歩7分,2007年11月(築16年),13階建,"150,000円","10,000円",無料,無料,2K,37.2㎡,0円
パヴィヨン・ブラン,東京都足立区梅田７丁目,東武伊勢崎線 梅島駅 徒歩5分、東武大師線 西新井駅 徒歩16分,1989年8月(築34年),5階建,"85,000円",0円,8.5万円,8.5万円,2K,38.01㎡,"88,000円"
エクセル蒲田,東京都大田区西六郷１丁目,京急本線 雑色駅 徒歩11分、ＪＲ京浜東北・根岸線 蒲田駅 徒歩15分,2000年3月(築23年),3階建,"92,000円","3,000円",9.2万円,9.2万円,2DK,36.22㎡,0円
エマーレ新小岩,東京都葛飾区東新小岩４丁目,ＪＲ総武本線 新小岩駅 徒歩12分、京成押上線 京成立石駅 徒歩31分,1995年3月(築28年),11階建,"87,000円","10,000円",8.7万円,8.7万円,2DK,38.62㎡,0円
ＳＵＮＮＹ ＳＩＤＥ ＫＩＢ,東京都文京区水道１丁目,東京メトロ有楽町線 江戸川橋駅 徒歩12分、都営大江戸線 飯田橋駅 徒歩13分,2008年3月(築15年),6階建,"149,000円","15,000円",14.9万円,14.9万円,2DK,40.08㎡,"88,000円"
プライムガーデン若木,東京都板橋区若木１丁目,東武東上線 東武練馬駅 徒歩10分、東武東上線 上板橋駅 徒歩11分,2024年3月(新築),5階建,"160,000円","20,000円",無料,無料,2LDK,48.27㎡,0円
エステートロイヤル７号棟,東京都練馬区三原台１丁目,西武池袋線 石神井公園駅 徒歩10分、ＪＲ中央線 吉祥寺駅 バス41分 三原台一丁目下車 徒歩3分,1996年7月(築27年),2階建,"82,000円","5,000円",無料,無料,2DK,37.26㎡,0円
小田急ニューシティ中野坂上,東京都中野区弥生町１丁目,都営大江戸線 西新宿五丁目駅 徒歩9分,1997年3月(築26年),9階建,"145,000円","10,000円",14.5万円,無料,2K,40.8㎡,0円
パステル中野,東京都中野区新井５丁目,ＪＲ中央線 中野駅 徒歩13分、西武新宿線 新井薬師前駅 徒歩6分,1987年4月(築36年),6階建,"155,000円","10,000円",15.5万円,15.5万円,2DK,57.82㎡,"88,000円"
パークホームズ成増マークレジデンス,東京都板橋区成増３丁目,東武東上線 成増駅 徒歩6分、東京メトロ有楽町線 地下鉄成増駅 徒歩6分,2009年9月(築14年),9階建,"188,000円","10,000円",18.8万円,18.8万円,2LDK,59.18㎡,0円
パークアクシス新板橋イースト,東京都板橋区板橋４丁目,ＪＲ埼京線 板橋駅 徒歩9分、都営三田線 新板橋駅 徒歩2分,2007年2月(築16年),14階建,"190,000円","10,000円",19.0万円,無料,2LDK,54.99㎡,0円
ツイン・コート,東京都江戸川区西葛西３丁目,東京メトロ東西線 西葛西駅 徒歩3分、東京メトロ東西線 葛西駅 徒歩23分,1989年3月(築34年),10階建,"104,000円","6,000円",10.4万円,10.4万円,2LDK,44.55㎡,0円
Ｓ　Ｋ　ＣＵＢＥ,東京都江東区亀戸５丁目,ＪＲ総武線 亀戸駅 徒歩5分、東武亀戸線 亀戸駅 徒歩5分,2009年5月(築14年),3階建,"86,000円",0円,8.6万円,8.6万円,2K,32.74㎡,"88,000円"
千原ビル,東京都豊島区西巣鴨２丁目,都営三田線 西巣鴨駅 徒歩6分、ＪＲ山手線 大塚駅 徒歩12分,1967年10月(築56年),4階建,"100,000円","2,000円",10.0万円,無料,2DK,36.36㎡,"88,000円"
マンション檀,東京都文京区本郷２丁目,東京メトロ丸ノ内線 本郷三丁目駅 徒歩3分、都営三田線 春日駅 徒歩6分,1980年10月(築43年),7階建,"127,000円","3,000円",6.3万円,無料,2DK,47.84㎡,0円
グランデューク西大井,東京都品川区二葉４丁目,ＪＲ横須賀線 西大井駅 徒歩5分、都営浅草線 中延駅 徒歩9分,1990年6月(築33年),4階建,"120,000円",0円,12.0万円,12.0万円,2DK,37.78㎡,0円
ラフォーレ町屋Ⅱ,東京都荒川区荒川６丁目,東京メトロ千代田線 町屋駅 徒歩6分、都電荒川線 町屋二丁目駅 徒歩2分,1994年10月(築29年),3階建,"80,000円",0円,8.0万円,8.0万円,2K,31.59㎡,0円
コスモ葛西臨海公園ロイヤルコート,東京都江戸川区南葛西５丁目,東京メトロ東西線 葛西駅 バス5分 堀江団地下車 徒歩7分、ＪＲ京葉線 葛西臨海公園駅 徒歩15分,1996年10月(築27年),10階建,"135,000円","10,000円",13.5万円,13.5万円,3LDK,75.27㎡,0円
パークアクシス西巣鴨,東京都北区滝野川７丁目,都営三田線 西巣鴨駅 徒歩5分、ＪＲ埼京線 板橋駅 徒歩10分,2012年1月(築11年),13階建,"200,000円","12,000円",20.0万円,20.0万円,2LDK,50.8㎡,0円
ウェルスクエア高井戸東,東京都杉並区高井戸東３丁目,京王井の頭線 高井戸駅 徒歩4分、ＪＲ中央線 荻窪駅 バス16分 高井戸東三丁目下車 徒歩2分,2023年12月(新築),5階建,"161,000円","10,000円",16.1万円,16.1万円,2LDK,40.9㎡,0円
ドルフケンマート,東京都大田区北馬込２丁目,都営浅草線 馬込駅 徒歩1分、東急大井町線 荏原町駅 徒歩11分,1976年3月(築47年),5階建,"115,000円","3,000円",11.5万円,無料,2LDK,45㎡,0円
ＹＭＤビル,東京都新宿区北新宿１丁目,東京メトロ丸ノ内線 西新宿駅 徒歩7分、ＪＲ山手線 新宿駅 徒歩12分,1988年3月(築35年),5階建,"140,000円","10,000円",14.0万円,14.0万円,2DK,50.44㎡,"88,000円"
ＪＵ　ＴＯＷＥＲ　ＦＲＯＮＴ　北斎Ｓｔ,東京都墨田区亀沢４丁目,ＪＲ総武線 錦糸町駅 徒歩10分、都営大江戸線 両国駅 徒歩11分,2021年3月(築2年),9階建,"188,000円","10,000円",18.8万円,18.8万円,2LDK,50.53㎡,"88,000円"
旭泉マンション,東京都北区中里２丁目,ＪＲ山手線 駒込駅 徒歩3分、東京メトロ南北線 駒込駅 徒歩6分,1988年2月(築35年),5階建,"115,000円","10,000円",11.5万円,11.5万円,2DK,41.31㎡,0円
グランエクリュMK田端,東京都荒川区東尾久４丁目,ＪＲ山手線 田端駅 徒歩11分、日暮里舎人ライナー 赤土小学校前駅 徒歩4分,1990年4月(築33年),5階建,"62,000円","3,000円",6.2万円,6.2万円,2K,28㎡,0円
リシェル氷川台,東京都練馬区桜台３丁目,東京メトロ有楽町線 氷川台駅 徒歩3分、東京メトロ副都心線 氷川台駅 徒歩3分,1982年11月(築41年),5階建,"125,000円","5,000円",12.5万円,12.5万円,3DK,55㎡,0円
メゾン柴又,東京都葛飾区柴又１丁目,京成本線 京成高砂駅 徒歩8分,1989年10月(築34年),2階建,"64,000円",0円,6.4万円,無料,2K,33.95㎡,0円
アーバニティハイム,東京都江戸川区東瑞江２丁目,都営新宿線 瑞江駅 徒歩14分、都営新宿線 一之江駅 バス10分 宮下下車 徒歩3分,1992年4月(築31年),2階建,"95,000円","5,000円",9.5万円,無料,2DK,51.69㎡,0円
メゾン五十嵐,東京都豊島区西巣鴨１丁目,都営三田線 西巣鴨駅 徒歩8分、ＪＲ山手線 大塚駅 徒歩10分,1987年5月(築36年),4階建,"75,000円",0円,7.5万円,7.5万円,2DK,36.96㎡,"82,500円"
ソリッド・リファイン八広,東京都墨田区八広４丁目,京成押上線 八広駅 徒歩10分,1987年6月(築36年),7階建,"87,000円","5,000円",8.7万円,4.3万円,2K,38.68㎡,0円
ライフピア中板橋,東京都板橋区弥生町,東武東上線 中板橋駅 徒歩6分、東武東上線 ときわ台駅 徒歩11分,2002年4月(築21年),7階建,"195,000円","5,000円",19.5万円,19.5万円,2SLDK,80.65㎡,0円
児玉マンションⅡ,東京都文京区白山２丁目,都営三田線 白山駅 徒歩7分、都営大江戸線 春日駅 徒歩13分,1993年1月(築30年),4階建,"110,000円","3,000円",11.0万円,無料,2DK,35.24㎡,0円
メゾンクボタ,東京都目黒区中町１丁目,東急東横線 祐天寺駅 徒歩15分、東急東横線 学芸大学駅 徒歩17分,1986年9月(築37年),4階建,"128,000円",0円,12.8万円,12.8万円,2DK,39.6㎡,0円
二葉ハイツ,東京都品川区二葉２丁目,湘南新宿ライン宇須 西大井駅 徒歩3分、東急大井町線 下神明駅 徒歩10分,1978年10月(築45年),6階建,"83,000円","2,000円",8.3万円,8.3万円,2K,36㎡,0円
ザ・パークハウス青砥,東京都葛飾区青戸７丁目,京成本線 青砥駅 徒歩14分、ＪＲ常磐線 亀有駅 バス11分 老健青戸こはるびの里下車 徒歩4分,2013年6月(築10年),20階建,"188,000円",0円,18.8万円,18.8万円,3LDK,72.16㎡,"88,000円"
ベルメール西新井Ⅰ,東京都足立区西新井本町４丁目,東武大師線 大師前駅 徒歩12分、日暮里舎人ライナー 江北駅 徒歩15分,1987年4月(築36年),3階建,"82,000円","3,000円",無料,無料,2DK,41.67㎡,0円
富士ビル,東京都品川区南大井５丁目,ＪＲ京浜東北・根岸線 大森駅 徒歩9分、京急本線 立会川駅 徒歩12分,1997年7月(築26年),6階建,"91,000円","5,000円",無料,無料,2K,32.6㎡,"38,000円"
千石MTビル,東京都文京区千石４丁目,都営三田線 千石駅 徒歩4分、ＪＲ山手線 巣鴨駅 徒歩10分,1987年8月(築36年),3階建,"110,000円","2,000円",11.0万円,11.0万円,2DK,51.6㎡,0円
テラス田園調布,東京都大田区田園調布２丁目,東急東横線 田園調布駅 徒歩10分、東急東横線 多摩川駅 徒歩8分,2006年8月(築17年),2階建,"210,000円",0円,21.0万円,21.0万円,2LDK,64.17㎡,0円
仲六マンション,東京都大田区仲六郷２丁目,京急本線 雑色駅 徒歩2分、京急本線 六郷土手駅 徒歩17分,1971年3月(築52年),6階建,"95,000円",0円,9.5万円,9.5万円,2DK,51.84㎡,0円
濱野ビル,東京都荒川区荒川３丁目,ＪＲ常磐線 三河島駅 徒歩5分、京成本線 新三河島駅 徒歩11分,1984年11月(築39年),4階建,"95,000円","5,000円",9.5万円,9.5万円,2K,35.44㎡,0円
イカリハイツ,東京都荒川区東尾久４丁目,ＪＲ山手線 田端駅 徒歩9分、日暮里舎人ライナー 赤土小学校前駅 徒歩4分,1978年3月(築45年),4階建,"100,000円",0円,10.5万円,10.5万円,2DK,45㎡,0円
マチダアパート,東京都新宿区若葉３丁目,ＪＲ総武線 信濃町駅 徒歩9分、ＪＲ総武線 四ツ谷駅 徒歩10分,1970年5月(築53年),2階建,"65,000円",0円,6.5万円,6.5万円,2DK,21㎡,0円
ハイツ石原Ｂ棟,東京都杉並区下井草２丁目,西武新宿線 下井草駅 徒歩12分、西武新宿線 鷺ノ宮駅 徒歩13分,1982年3月(築41年),2階建,"82,000円","2,000円",8.2万円,8.2万円,2DK,32㎡,0円
ドミール鷺宮,東京都中野区鷺宮４丁目,西武新宿線 鷺ノ宮駅 徒歩3分、ＪＲ中央線 高円寺駅 徒歩35分,1993年5月(築30年),2階建,"83,000円","2,000円",8.3万円,無料,2DK,37.26㎡,"88,000円"
ライオンズガーデン阿佐ヶ谷,東京都杉並区阿佐谷南１丁目,ＪＲ総武線 阿佐ヶ谷駅 徒歩11分、東京メトロ丸ノ内線 南阿佐ヶ谷駅 徒歩9分,1994年2月(築29年),3階建,"190,000円",0円,19.0万円,19.0万円,2LDK,63.75㎡,"88,000円"
ガーデンパレス高円寺,東京都杉並区高円寺北２丁目,ＪＲ総武線 高円寺駅 徒歩5分、西武新宿線 野方駅 徒歩19分,2017年2月(築6年),3階建,"178,000円","4,000円",17.8万円,17.8万円,2LDK,65㎡,0円
オーク・ヴィレッジ日暮里,東京都荒川区東日暮里２丁目,東京メトロ日比谷線 三ノ輪駅 徒歩6分、都電荒川線 三ノ輪橋駅 徒歩10分,1997年9月(築26年),6階建,"130,000円","11,000円",無料,無料,3DK,67.02㎡,"88,000円"
グリーンフィールド大山,東京都板橋区熊野町,東武東上線 大山駅 徒歩9分,1995年9月(築28年),14階建,"157,000円","15,000円",無料,無料,2LDK,57.42㎡,0円
ミハス上高井戸,東京都杉並区上高井戸１丁目,京王線 八幡山駅 徒歩3分,2016年7月(築7年),3階建,"131,000円","8,000円",13.1万円,13.1万円,2DK,49.47㎡,"88,000円"
本羽田二丁目戸建,東京都大田区本羽田２丁目,京急空港線 糀谷駅 徒歩12分、京急本線 雑色駅 徒歩23分,1978年10月(築45年),2階建,"110,000円",0円,11.0万円,11.0万円,3DK,54.86㎡,"28,000円"
プルミエ中町Ａ棟,東京都世田谷区中町２丁目,東急大井町線 等々力駅 徒歩4分、東急大井町線 尾山台駅 徒歩11分,1996年2月(築27年),2階建,"220,000円",0円,22.0万円,22.0万円,3LDK,84.46㎡,"88,000円"
はなみずき通り北六番館,東京都荒川区南千住８丁目,京成本線 京成関屋駅 徒歩13分、ＪＲ常磐線 南千住駅 徒歩17分,2001年5月(築22年),14階建,"105,000円",0円,10.5万円,10.5万円,2DK,53.17㎡,"88,000円"
西ヶ原の家,東京都北区西ケ原１丁目,ＪＲ京浜東北・根岸線 上中里駅 徒歩6分、東京メトロ南北線 西ヶ原駅 徒歩8分,1989年3月(築34年),2階建,"140,000円",0円,14.0万円,14.0万円,2K,48.02㎡,"11,000円"
井草３丁目貸家,東京都杉並区井草３丁目,西武新宿線 井荻駅 徒歩7分、西武池袋線 練馬高野台駅 徒歩20分,2014年5月(築9年),2階建,"218,000円",0円,43.6万円,21.8万円,2LDK,96.39㎡,"88,000円"
メゾン大塚,東京都北区滝野川６丁目,都営三田線 西巣鴨駅 徒歩4分、ＪＲ埼京線 板橋駅 徒歩7分,1990年3月(築33年),4階建,"95,000円","3,000円",9.5万円,9.5万円,2DK,37.2㎡,"88,000円"
三彩ビル,東京都中野区弥生町２丁目,東京メトロ丸ノ内線 中野新橋駅 徒歩1分、東京メトロ丸ノ内線 中野富士見町駅 徒歩9分,1968年3月(築55年),4階建,"220,000円",0円,66.0万円,22.0万円,6LDK,82.47㎡,"88,000円"
クレッセント羽田,東京都大田区東糀谷３丁目,京急空港線 大鳥居駅 徒歩5分、京急空港線 穴守稲荷駅 徒歩7分,1994年3月(築29年),8階建,"72,000円",0円,7.2万円,7.2万円,2K,26㎡,"49,000円"
アーバンハイツ,東京都練馬区土支田２丁目,都営大江戸線 光が丘駅 徒歩23分、西武池袋線 石神井公園駅 バス18分 土支田八幡下車 徒歩5分,1994年1月(築29年),2階建,"83,000円","3,000円",無料,無料,3DK,55.28㎡,"88,000円"
エステート泉,東京都練馬区南大泉３丁目,西武池袋線 保谷駅 徒歩7分,1992年3月(築31年),3階建,"117,000円","3,500円",11.7万円,無料,3DK,65.99㎡,"88,000円"
ガーデンハウス千歳船橋,東京都世田谷区船橋１丁目,小田急小田原線 千歳船橋駅 徒歩6分,1995年8月(築28年),3階建,"203,000円","15,000円",20.3万円,20.3万円,2LDK,67.18㎡,"88,000円"
ライオンズステーションプラザ大山,東京都板橋区大山町,東武東上線 大山駅 徒歩2分,1997年3月(築26年),13階建,"138,000円","10,000円",13.8万円,13.8万円,2DK,45.8㎡,"88,000円"
パークレジデンス大森,東京都大田区大森北１丁目,ＪＲ京浜東北・根岸線 大森駅 徒歩5分、京急本線 大森海岸駅 徒歩6分,1990年2月(築33年),12階建,"134,000円","12,000円",26.8万円,13.4万円,2DK,48.08㎡,"15,000円"
アーバネックス蔵前レジデンス,東京都台東区蔵前４丁目,都営浅草線 蔵前駅 徒歩3分、ＪＲ総武線 浅草橋駅 徒歩8分,2023年12月(新築),15階建,"191,000円","15,000円",19.1万円,無料,2LDK,40.35㎡,0円
中十条１丁目貸家,東京都北区中十条１丁目,ＪＲ京浜東北・根岸線 東十条駅 徒歩7分,1980年5月(築43年),2階建,"150,000円",0円,15.0万円,無料,3DK,76.05㎡,"88,000円"
ニューシャトー蒲田,東京都大田区西蒲田７丁目,東急多摩川線 蒲田駅 徒歩6分、東急池上線 蒲田駅 徒歩6分,1989年7月(築34年),8階建,"95,000円","5,000円",9.5万円,無料,2DK,35㎡,"88,000円"
ライオンズプラザ武蔵関リュイール,東京都練馬区関町北２丁目,西武新宿線 武蔵関駅 徒歩6分,2006年7月(築17年),15階建,"148,000円","10,000円",14.8万円,14.8万円,2LDK,62.77㎡,"88,000円"
白鳳マンション中野新橋,東京都中野区本町３丁目,東京メトロ丸ノ内線 中野新橋駅 徒歩4分、都営大江戸線 中野坂上駅 徒歩10分,1983年5月(築40年),5階建,"114,000円","10,000円",11.4万円,11.4万円,2DK,38.83㎡,"88,000円"
アベニューフラット,東京都板橋区蓮沼町,都営三田線 本蓮沼駅 徒歩4分、都営三田線 板橋本町駅 徒歩11分,1987年3月(築36年),3階建,"92,000円","5,000円",9.2万円,9.2万円,2DK,42㎡,"38,000円"
East Wing,東京都荒川区東尾久２丁目,日暮里舎人ライナー 赤土小学校前駅 徒歩1分、都電荒川線 熊野前駅 徒歩10分,1997年6月(築26年),9階建,"135,000円","8,000円",13.5万円,13.5万円,3SDK,59.07㎡,0円
リテラス渋谷笹塚,東京都渋谷区笹塚２丁目,京王線 笹塚駅 徒歩8分、京王線 代田橋駅 徒歩6分,2022年6月(築1年),15階建,"137,000円","15,000円",13.7万円,無料,2K,33.8㎡,0円
イーストパークス大島　サザンスクエア,東京都江東区大島６丁目,都営新宿線 大島駅 徒歩2分、ＪＲ総武線 亀戸駅 徒歩16分,1997年9月(築26年),14階建,"180,000円","15,000円",18.0万円,18.0万円,3LDK,68.58㎡,"88,000円"
東葛西4丁目戸建,東京都江戸川区東葛西４丁目,東京メトロ東西線 葛西駅 徒歩14分,2002年1月(築21年),3階建,"194,000円",0円,無料,19.4万円,4LDK,96.87㎡,"35,000円"
ガイアⅡ,東京都江戸川区鹿骨５丁目,ＪＲ総武線 小岩駅 徒歩27分、都営新宿線 篠崎駅 徒歩33分,1994年10月(築29年),3階建,"70,000円","2,000円",無料,7.0万円,2DK,37㎡,0円
フォーブルＳ,東京都杉並区善福寺２丁目,ＪＲ中央線 西荻窪駅 徒歩18分,1986年3月(築37年),2階建,"85,000円","1,000円",8.5万円,無料,2DK,35.5㎡,"88,000円"
ユーレジデンス二子玉川,東京都世田谷区鎌田３丁目,東急田園都市線 二子玉川駅 徒歩18分、東急大井町線 二子玉川駅 徒歩18分,2003年3月(築20年),5階建,"122,000円","7,000円",12.2万円,無料,2DK,50.4㎡,"88,000円"
パークアクシス辰巳ステージ,東京都江東区辰巳２丁目,東京メトロ有楽町線 辰巳駅 徒歩6分、ＪＲ京葉線 新木場駅 徒歩16分,2008年1月(築15年),13階建,"208,000円","12,000円",20.8万円,20.8万円,2LDK,62.96㎡,0円
コーポレート船堀,東京都江戸川区東小松川２丁目,都営新宿線 船堀駅 徒歩15分、ＪＲ総武線 新小岩駅 バス13分 東小松川二丁目下車 徒歩1分,1997年8月(築26年),11階建,"120,000円","8,000円",無料,6.0万円,2LDK,59㎡,"22,000円"
SYFORME MORISHITA,東京都墨田区菊川１丁目,都営新宿線 菊川駅 徒歩4分、都営新宿線 森下駅 徒歩5分,2020年2月(築3年),9階建,"114,000円","15,000円",無料,11.4万円,2K,28.49㎡,"26,000円"
金子マンション,東京都足立区綾瀬４丁目,東京メトロ千代田線 綾瀬駅 徒歩5分、つくばエクスプレス 青井駅 徒歩15分,1977年4月(築46年),4階建,"67,000円","3,000円",無料,無料,2DK,34.02㎡,"70,000円"
ハイム四季,東京都大田区南馬込１丁目,都営浅草線 馬込駅 徒歩9分、ＪＲ京浜東北・根岸線 大森駅 徒歩17分,2010年4月(築13年),2階建,"220,000円",0円,22.0万円,44.0万円,2SLDK,74.52㎡,"88,000円"
ＦＬＡＴ　ＦＩＶＥ,東京都目黒区中目黒５丁目,東急東横線 中目黒駅 徒歩14分、東急東横線 祐天寺駅 徒歩12分,1995年5月(築28年),2階建,"108,000円","2,000円",10.8万円,10.8万円,2K,32.18㎡,"88,000円"
センティニアル山田,東京都荒川区町屋４丁目,東京メトロ千代田線 町屋駅 徒歩13分、都電荒川線 東尾久三丁目駅 徒歩10分,1996年11月(築27年),7階建,"112,000円","5,000円",11.2万円,11.2万円,2LDK,50.01㎡,"27,000円"
ラフィネ学芸大学,東京都目黒区中央町１丁目,東急東横線 学芸大学駅 徒歩10分,2002年11月(築21年),3階建,"122,000円","4,000円",12.2万円,12.2万円,2K,36.31㎡,"88,000円"
ハイムサクラ,東京都荒川区荒川２丁目,東京メトロ千代田線 町屋駅 徒歩9分、ＪＲ常磐線 三河島駅 徒歩10分,1997年11月(築26年),2階建,"82,000円","3,000円",8.2万円,8.2万円,2DK,40.07㎡,"88,000円"
マンション　ウィスタリア,東京都新宿区高田馬場４丁目,ＪＲ山手線 高田馬場駅 徒歩8分、西武新宿線 下落合駅 徒歩12分,1987年2月(築36年),5階建,"160,000円","10,000円",16.0万円,16.0万円,3DK,61.6㎡,"88,000円"
ジェノヴィア浅草Ⅴスカイガーデン,東京都台東区浅草５丁目,つくばエクスプレス 浅草駅 徒歩10分、東京メトロ日比谷線 入谷駅 徒歩13分,2021年12月(築2年),12階建,"178,000円","15,000円",無料,無料,2LDK,46.73㎡,0円
フローレンスハイム,東京都杉並区浜田山１丁目,京王井の頭線 浜田山駅 徒歩5分,1978年10月(築45年),3階建,"120,000円","3,500円",12.0万円,12.0万円,2DK,42.9㎡,"88,000円"
ドエル立石,東京都葛飾区東立石１丁目,京成押上線 京成立石駅 徒歩7分,1985年10月(築38年),3階建,"63,000円","5,000円",6.3万円,6.3万円,2LDK,47.04㎡,"69,300円"
ラヴィーナ池上,東京都大田区池上６丁目,東急池上線 池上駅 徒歩7分、東急池上線 蒲田駅 徒歩17分,1988年10月(築35年),5階建,"116,000円","7,000円",11.6万円,11.6万円,2DK,47.19㎡,"88,000円"
ＧＲＡＮ　ＰＡＳＥＯ碑文谷Ｓｏｕｔｈ,東京都目黒区碑文谷３丁目,東急東横線 都立大学駅 徒歩8分、東急目黒線 大岡山駅 徒歩14分,2021年10月(築2年),4階建,"205,000円","15,000円",無料,無料,2SLDK,48.02㎡,0円
サニーウェル,東京都世田谷区給田５丁目,京王線 千歳烏山駅 徒歩22分,1995年6月(築28年),3階建,"105,000円","15,000円",10.5万円,無料,3LDK,65.23㎡,"88,000円"
ＧＲＡＮ　ＰＡＳＥＯ碑文谷Ｎｏｒｔｈ,東京都目黒区碑文谷３丁目,東急東横線 都立大学駅 徒歩8分、東急目黒線 大岡山駅 徒歩14分,2021年10月(築2年),4階建,"172,000円","15,000円",無料,無料,2DK,40.16㎡,0円
ＧＲＡＮ　ＰＡＳＥＯ新大塚,東京都豊島区東池袋５丁目,東京メトロ丸ノ内線 新大塚駅 徒歩3分、ＪＲ山手線 大塚駅 徒歩7分,2021年1月(築2年),12階建,"125,000円","12,000円",無料,無料,2K,25.81㎡,0円
西池袋ローヤルコーポ,東京都豊島区西池袋５丁目,東京メトロ有楽町線 要町駅 徒歩1分,1978年7月(築45年),9階建,"140,000円","15,000円",28.0万円,14.0万円,2LDK,57.75㎡,"88,000円"
クレール西台,東京都板橋区西台１丁目,都営三田線 西台駅 徒歩13分、都営三田線 蓮根駅 徒歩15分,1990年10月(築33年),2階建,"73,000円","1,000円",7.3万円,7.3万円,2DK,40.57㎡,"80,300円"
オーキッドレジデンス西小岩,東京都江戸川区西小岩１丁目,ＪＲ総武線 小岩駅 徒歩9分,1994年5月(築29年),9階建,"150,000円","10,000円",15.0万円,無料,2LDK,56.16㎡,0円
ハクジウハイツ,東京都豊島区目白３丁目,ＪＲ山手線 目白駅 徒歩4分,1980年8月(築43年),5階建,"120,000円",0円,12.0万円,12.0万円,2DK,44.62㎡,"88,000円"
ミランダモトウイング５,東京都練馬区下石神井１丁目,西武新宿線 井荻駅 徒歩14分、西武新宿線 上井草駅 徒歩18分,2018年7月(築5年),2階建,"124,000円","5,500円",無料,12.4万円,2LDK,55.18㎡,0円
真野メゾネット,東京都文京区水道１丁目,東京メトロ有楽町線 江戸川橋駅 徒歩9分、東京メトロ丸ノ内線 後楽園駅 徒歩16分,1991年7月(築32年),2階建,"167,000円","3,000円",16.7万円,16.7万円,2DK,54.64㎡,"88,000円"
コーポＮｏ．３,東京都葛飾区奥戸８丁目,ＪＲ総武線 小岩駅 バス10分 奥戸新橋下車 徒歩2分,1986年1月(築37年),2階建,"47,000円","3,000円",4.7万円,4.7万円,2K,30.69㎡,"51,700円"
グリーンヒル江原,東京都中野区江原町２丁目,都営大江戸線 新江古田駅 徒歩7分、西武池袋線 江古田駅 徒歩15分,1988年3月(築35年),4階建,"88,000円","2,000円",8.8万円,8.8万円,2K,37.29㎡,"88,000円"
アリカ曳舟,東京都墨田区八広１丁目,京成押上線 京成曳舟駅 徒歩2分、東武伊勢崎線 曳舟駅 徒歩8分,2021年3月(築2年),8階建,"122,000円","10,000円",12.2万円,無料,2K,35.2㎡,0円
ディフロイデェ,東京都練馬区下石神井４丁目,西武新宿線 上井草駅 徒歩2分,1994年8月(築29年),7階建,"120,000円","6,000円",12.0万円,12.0万円,2LDK,56㎡,"88,000円"
パークアクシス元浅草ステージ,東京都台東区元浅草１丁目,ＪＲ山手線 御徒町駅 徒歩13分、つくばエクスプレス 新御徒町駅 徒歩3分,2008年4月(築15年),16階建,"188,000円","10,000円",18.8万円,37.6万円,2DK,46.23㎡,0円
リブリ・K & W 上池台,東京都大田区上池台５丁目,東急池上線 長原駅 徒歩13分,2013年3月(築10年),4階建,"102,000円","4,000円",無料,10.2万円,2K,31.64㎡,"60,000円"
ラフィネ大崎（B）,東京都品川区大崎５丁目,湘南新宿ライン宇須 大崎駅 徒歩4分、湘南新宿ライン高海 大崎駅 徒歩4分,1997年9月(築26年),12階建,"175,000円","12,000円",17.5万円,17.5万円,2LDK,61.84㎡,"88,000円"
上高田鈴和アパート,東京都中野区上高田２丁目,ＪＲ中央本線 中野駅 徒歩12分、西武新宿線 新井薬師前駅 徒歩7分,1969年2月(築54年),2階建,"67,000円",0円,6.7万円,6.7万円,2K,29.19㎡,0円
大田区東蒲田１丁目住宅,東京都大田区東蒲田１丁目,京急本線 梅屋敷駅 徒歩6分、京急本線 京急蒲田駅 徒歩10分,1971年10月(築52年),2階建,"174,000円",0円,17.4万円,17.4万円,2LDK,72.04㎡,"88,000円"
ウェストコート,東京都江戸川区松島１丁目,ＪＲ総武線 新小岩駅 徒歩24分、ＪＲ総武線 錦糸町駅 バス13分 小松川警察署前下車 徒歩5分,2007年3月(築16年),2階建,"117,000円",0円,11.7万円,11.7万円,2LDK,66.7㎡,"88,000円"
ベルドミール壱番館,東京都足立区東保木間１丁目,つくばエクスプレス 六町駅 徒歩12分,2002年3月(築21年),7階建,"126,000円","12,000円",12.6万円,12.6万円,3LDK,71.3㎡,"88,000円"
パークアクシス両国スクエア,東京都墨田区緑１丁目,都営大江戸線 両国駅 徒歩2分,2022年12月(築1年),13階建,"198,000円","15,000円",19.8万円,19.8万円,2DK,40.59㎡,0円
エクセレンツ青砥,東京都葛飾区青戸５丁目,京成本線 青砥駅 徒歩7分、京成本線 京成高砂駅 徒歩17分,1988年11月(築35年),4階建,"67,000円","5,000円",無料,無料,2K,29.76㎡,0円
ＡＬＥＲＯ後楽園,東京都文京区水道１丁目,東京メトロ丸ノ内線 後楽園駅 徒歩10分、東京メトロ南北線 後楽園駅 徒歩10分,2015年3月(築8年),5階建,"193,000円","10,000円",無料,無料,2LDK,51.32㎡,0円
プチシャトー,東京都板橋区前野町３丁目,都営三田線 志村坂上駅 徒歩8分,2001年6月(築22年),3階建,"91,000円","6,000円",9.1万円,9.1万円,2DK,41.78㎡,"88,000円"
パークナードフィット東中野,東京都中野区東中野２丁目,ＪＲ総武線 東中野駅 徒歩7分、都営大江戸線 東中野駅 徒歩6分,2018年3月(築5年),9階建,"200,000円","9,000円",20.0万円,20.0万円,2LDK,41.7㎡,0円
ルクレ代田橋,東京都杉並区和泉１丁目,京王線 代田橋駅 徒歩11分、京王線 笹塚駅 徒歩16分,2006年11月(築17年),10階建,"112,000円","15,000円",無料,無料,2K,30.26㎡,0円
ツイン・アベニュー,東京都練馬区関町北２丁目,西武新宿線 武蔵関駅 徒歩8分,1992年3月(築31年),8階建,"133,000円","10,000円",13.3万円,無料,3LDK,65.1㎡,0円
ソライエアイル練馬北町,東京都練馬区北町３丁目,東京メトロ有楽町線 地下鉄赤塚駅 徒歩7分、東京メトロ副都心線 地下鉄赤塚駅 徒歩7分,2020年1月(築3年),6階建,"183,000円","15,000円",18.3万円,18.3万円,2LDK,58.42㎡,0円
プラネソシエ青戸,東京都葛飾区青戸１丁目,京成本線 青砥駅 徒歩4分,2024年1月(新築),6階建,"193,000円","12,000円",19.3万円,19.3万円,2LDK,55.44㎡,"88,000円"
ＮＳビル,東京都江戸川区中葛西３丁目,東京メトロ東西線 葛西駅 徒歩9分,1994年4月(築29年),4階建,"80,000円",0円,8.0万円,無料,2K,38.26㎡,0円
グランベル祖師谷,東京都世田谷区祖師谷３丁目,小田急小田原線 祖師ヶ谷大蔵駅 徒歩4分、小田急小田原線 成城学園前駅 徒歩9分,1987年4月(築36年),5階建,"118,000円","8,000円",11.8万円,無料,2DK,39.76㎡,"24,000円"
グレイスベル自由が丘,東京都世田谷区奥沢５丁目,東急目黒線 奥沢駅 徒歩5分、東急東横線 自由が丘駅 徒歩7分,1999年3月(築24年),3階建,"195,000円","5,000円",19.5万円,無料,2LDK,64.81㎡,"88,000円"
プライマル門前仲町,東京都江東区深川２丁目,東京メトロ東西線 門前仲町駅 徒歩3分、都営大江戸線 門前仲町駅 徒歩3分,2021年6月(築2年),7階建,"103,000円","10,000円",10.3万円,10.3万円,2K,25.14㎡,"26,000円"
メゾンスズキ,東京都世田谷区弦巻１丁目,東急田園都市線 桜新町駅 徒歩15分、東急世田谷線 上町駅 徒歩8分,1972年12月(築51年),3階建,"88,000円","5,000円",8.8万円,8.8万円,2DK,36㎡,"88,000円"
エクシード根岸アメニティーレジデンス,東京都台東区根岸３丁目,ＪＲ山手線 鶯谷駅 徒歩4分、東京メトロ日比谷線 入谷駅 徒歩10分,1987年7月(築36年),4階建,"129,000円","4,000円",12.9万円,12.9万円,2LDK,47.37㎡,"88,000円"
ＵＵＲコート白鷺,東京都中野区白鷺１丁目,西武新宿線 鷺ノ宮駅 徒歩6分、西武新宿線 都立家政駅 徒歩9分,2002年2月(築21年),7階建,"156,000円","10,000円",15.6万円,15.6万円,2LDK,59.9㎡,0円
ユーコート上石神井,東京都練馬区上石神井３丁目,西武新宿線 上石神井駅 徒歩8分、西武新宿線 上井草駅 徒歩14分,1993年9月(築30年),3階建,"135,000円","5,000円",13.5万円,13.5万円,2SDK,57㎡,"14,000円"
リージア経堂イーストプレイス,東京都世田谷区宮坂２丁目,小田急小田原線 経堂駅 徒歩8分、小田急小田原線 豪徳寺駅 徒歩6分,2014年11月(築9年),8階建,"213,000円",0円,21.3万円,21.3万円,2LDK,53.92㎡,0円
グランデュール石神井,東京都練馬区下石神井５丁目,西武新宿線 上井草駅 徒歩14分、西武新宿線 上石神井駅 徒歩16分,2000年3月(築23年),8階建,"126,000円","9,000円",12.6万円,12.6万円,2SLDK,58.51㎡,0円
ネスト鷹番,東京都目黒区鷹番１丁目,東急東横線 学芸大学駅 徒歩8分、東急東横線 都立大学駅 徒歩19分,2002年8月(築21年),3階建,"200,000円","5,000円",20.0万円,20.0万円,2LDK,55.2㎡,"88,000円"
サニーハイツ,東京都渋谷区富ヶ谷２丁目,東京メトロ千代田線 代々木公園駅 徒歩8分、小田急小田原線 代々木八幡駅 徒歩7分,1980年6月(築43年),3階建,"140,000円","5,000円",14.0万円,14.0万円,2K,43.2㎡,"88,000円"
アビタシオン葛西,東京都江戸川区東葛西６丁目,東京メトロ東西線 葛西駅 徒歩5分,1995年5月(築28年),10階建,"105,000円","8,000円",10.5万円,10.5万円,2DK,45.37㎡,"88,000円"
ガーデンハイツ,東京都世田谷区桜丘２丁目,小田急小田原線 千歳船橋駅 徒歩4分,1987年4月(築36年),3階建,"125,000円","3,000円",12.5万円,12.5万円,2DK,38.88㎡,"88,000円"
コスモリード世田谷砧,東京都世田谷区砧４丁目,小田急小田原線 祖師ヶ谷大蔵駅 徒歩8分,1989年1月(築34年),5階建,"177,000円","10,000円",17.7万円,17.7万円,2LDK,56.33㎡,"88,000円"
けやき通り南四番館,東京都荒川区南千住８丁目,東京メトロ日比谷線 南千住駅 徒歩15分、東京メトロ日比谷線 南千住駅 バス8分 南千住八丁目下車 徒歩1分,1994年7月(築29年),14階建,"155,000円",0円,15.5万円,無料,3LDK,66.06㎡,"88,000円"
ラヴィーナ門前仲町,東京都江東区平野２丁目,東京メトロ半蔵門線 清澄白河駅 徒歩10分、東京メトロ東西線 門前仲町駅 徒歩12分,1988年8月(築35年),6階建,"110,000円","10,000円",22.0万円,無料,2DK,48.33㎡,"88,000円"
リリーベール,東京都世田谷区弦巻３丁目,東急田園都市線 桜新町駅 徒歩10分,1993年3月(築30年),3階建,"114,000円","8,000円",11.4万円,11.4万円,2DK,44.93㎡,"88,000円"
オータム・イン・ニューヨーク,東京都杉並区西荻北１丁目,ＪＲ中央線 西荻窪駅 徒歩8分、ＪＲ総武線 西荻窪駅 徒歩8分,1989年11月(築34年),4階建,"87,000円","5,000円",8.7万円,8.7万円,2K,28.15㎡,"88,000円"
メゾンドボヌール梅島,東京都足立区梅島１丁目,東武伊勢崎線 梅島駅 徒歩6分,2001年3月(築22年),4階建,"105,000円","10,000円",10.5万円,10.5万円,2DK,51㎡,"88,000円"
メゾンエスポワール,東京都足立区西新井栄町１丁目,東武伊勢崎線 西新井駅 徒歩7分、東武伊勢崎線 梅島駅 徒歩9分,2012年2月(築11年),2階建,"95,000円","3,000円",9.5万円,9.5万円,2DK,48.68㎡,"88,000円"
コーポレート竹の塚二丁目,東京都足立区竹の塚２丁目,東武伊勢崎線 竹ノ塚駅 徒歩7分,1997年3月(築26年),7階建,"99,000円","5,000円",9.9万円,9.9万円,2DK,52.08㎡,"88,000円"
ハイライズＹＮ,東京都大田区東雪谷５丁目,東急池上線 雪が谷大塚駅 徒歩14分,2004年2月(築19年),2階建,"163,000円","3,000円",16.3万円,16.3万円,2LDK,71.5㎡,"88,000円"
キャッスルマンションお花茶屋,東京都葛飾区お花茶屋１丁目,京成本線 お花茶屋駅 徒歩5分、京成本線 堀切菖蒲園駅 徒歩15分,1988年10月(築35年),7階建,"80,000円","5,000円",8.0万円,8.0万円,2DK,39.97㎡,"44,000円"
セントラルパレス,東京都練馬区中村南２丁目,西武新宿線 鷺ノ宮駅 徒歩10分,1997年1月(築26年),7階建,"128,000円","6,000円",12.8万円,12.8万円,2LDK,56㎡,"88,000円"
コーポリヴァーストン,東京都墨田区亀沢２丁目,都営大江戸線 両国駅 徒歩7分、ＪＲ総武線 錦糸町駅 徒歩15分,1987年3月(築36年),7階建,"123,000円","10,000円",12.3万円,12.3万円,3K,60.26㎡,"88,000円"
レオネクストプラシード,東京都練馬区西大泉４丁目,西武池袋線 大泉学園駅 バス17分 西大泉三郵便局下車 徒歩3分,2012年1月(築11年),2階建,"107,000円","5,500円",無料,10.7万円,2LDK,62.28㎡,0円
レオネクストエクセルアサヒⅥ,東京都中野区野方６丁目,西武新宿線 野方駅 徒歩3分,2015年7月(築8年),4階建,"159,000円","5,500円",無料,15.9万円,2LDK,61.4㎡,0円
ＢＬＥＳＳ上池袋,東京都豊島区上池袋３丁目,東武東上線 北池袋駅 徒歩5分、ＪＲ山手線 池袋駅 徒歩16分,2015年3月(築8年),5階建,"178,000円","8,000円",17.8万円,35.6万円,2LDK,48.29㎡,"88,000円"
レオパレスエムエスケイ,東京都世田谷区尾山台１丁目,東急東横線 田園調布駅 徒歩18分、東急大井町線 九品仏駅 徒歩16分,2000年9月(築23年),2階建,"103,000円","5,500円",無料,10.3万円,2DK,40.95㎡,0円
三田玉堤第１コーポＢ,東京都世田谷区玉堤１丁目,東急大井町線 尾山台駅 徒歩13分、東急東横線 田園調布駅 徒歩23分,1975年11月(築48年),3階建,"89,000円","5,000円",無料,無料,3K,38.88㎡,0円
ベジフル北新宿弐番館,東京都新宿区北新宿４丁目,ＪＲ総武線 東中野駅 徒歩9分、都営大江戸線 東中野駅 徒歩12分,2000年3月(築23年),11階建,"145,000円","8,000円",14.5万円,14.5万円,2DK,45.46㎡,"88,000円"
エステ－ジ築地,東京都中央区築地７丁目,東京メトロ日比谷線 築地駅 徒歩5分、東京メトロ有楽町線 新富町駅 徒歩7分,1998年1月(築25年),8階建,"175,000円","10,000円",17.5万円,17.5万円,2LDK,48.41㎡,0円
ファインパレスヤマザキ,東京都足立区東綾瀬１丁目,東京メトロ千代田線 綾瀬駅 徒歩12分、つくばエクスプレス 青井駅 徒歩28分,1987年1月(築36年),3階建,"90,000円","3,000円",9.0万円,無料,3DK,53.46㎡,"64,000円"
ザ・パークハビオ神楽坂,東京都新宿区横寺町,都営大江戸線 牛込神楽坂駅 徒歩3分、東京メトロ東西線 神楽坂駅 徒歩6分,2020年3月(築3年),10階建,"154,000円","18,000円",15.4万円,15.4万円,2K,30.98㎡,0円
サンハイム,東京都足立区東綾瀬３丁目,東京メトロ千代田線 北綾瀬駅 徒歩6分、つくばエクスプレス 青井駅 徒歩22分,1977年1月(築46年),2階建,"61,000円",0円,6.1万円,無料,2K,26㎡,"67,100円"
エルファーロ大岡山Ⅱ,東京都目黒区大岡山１丁目,東急目黒線 大岡山駅 徒歩7分、東急東横線 都立大学駅 徒歩16分,2023年9月(新築),4階建,"197,000円","10,000円",無料,19.7万円,2LDK,45.02㎡,0円
アーバネックス新御徒町,東京都台東区小島１丁目,都営大江戸線 新御徒町駅 徒歩4分、つくばエクスプレス 新御徒町駅 徒歩4分,2023年9月(新築),12階建,"205,000円","15,000円",20.5万円,無料,2LDK,43.61㎡,0円
アーバンパーク綾瀬Ｄｕｏ,東京都足立区東綾瀬２丁目,東京メトロ千代田線 綾瀬駅 徒歩12分、東京メトロ千代田線 北綾瀬駅 徒歩16分,2023年7月(新築),7階建,"202,000円","15,000円",無料,無料,2LDK,56.84㎡,0円
セイワビル,東京都台東区千束３丁目,ＪＲ相模線 入谷駅 徒歩9分,1994年2月(築29年),10階建,"102,000円","5,000円",無料,無料,2DK,35.8㎡,0円
キングビルディング,東京都杉並区梅里１丁目,東京メトロ丸ノ内線 東高円寺駅 徒歩5分、ＪＲ総武線 高円寺駅 徒歩15分,1988年3月(築35年),5階建,"100,000円","5,000円",10.0万円,無料,2DK,36.72㎡,0円
アーバンコートサカスⅢ,東京都文京区向丘１丁目,都営三田線 白山駅 徒歩5分、東京メトロ南北線 東大前駅 徒歩6分,1985年3月(築38年),5階建,"157,000円","8,000円",15.7万円,15.7万円,2LDK,47.34㎡,0円
オープンブルーム品川南大井,東京都品川区南大井５丁目,ＪＲ京浜東北・根岸線 大森駅 徒歩9分、京急本線 大森海岸駅 徒歩12分,2023年9月(新築),14階建,"200,000円","15,000円",20.0万円,無料,2DK,40.5㎡,0円
メゾンサガノ,東京都足立区西綾瀬３丁目,東京メトロ千代田線 綾瀬駅 徒歩8分、東武伊勢崎線 五反野駅 徒歩9分,1988年1月(築35年),3階建,"80,000円",0円,無料,無料,2DK,38.84㎡,"66,000円"
プライムブリス蔵前,東京都台東区蔵前３丁目,都営大江戸線 蔵前駅 徒歩2分、東京メトロ銀座線 田原町駅 徒歩8分,2024年1月(新築),13階建,"196,000円","15,000円",19.6万円,無料,2LDK,40.74㎡,0円
パークアクシス仲御徒町,東京都台東区台東３丁目,東京メトロ日比谷線 仲御徒町駅 徒歩7分、ＪＲ山手線 御徒町駅 徒歩9分,2007年11月(築16年),13階建,"202,000円","10,000円",20.2万円,40.4万円,2LDK,47.11㎡,0円
リバーサイド隅田セントラルタワーパレス,東京都墨田区堤通１丁目,東武伊勢崎線 東向島駅 徒歩11分,1994年7月(築29年),33階建,"205,000円","15,000円",20.5万円,無料,3DK,74.28㎡,0円
ルフォンプログレ蔵前ナチュール,東京都台東区三筋１丁目,都営浅草線 蔵前駅 徒歩5分、都営大江戸線 新御徒町駅 徒歩8分,2022年3月(築1年),12階建,"194,000円","15,000円",19.4万円,無料,2LDK,40.15㎡,0円
ハイツベルグ荏原,東京都品川区中延５丁目,東急大井町線 荏原町駅 徒歩4分、都営浅草線 馬込駅 徒歩7分,1989年2月(築34年),3階建,"87,000円","2,000円",8.7万円,無料,2K,31㎡,0円
モント北馬込,東京都大田区北馬込１丁目,東急大井町線 荏原町駅 徒歩6分、東急大井町線 旗の台駅 徒歩8分,1997年6月(築26年),3階建,"120,000円","2,000円",12.0万円,無料,2DK,39㎡,0円
パークサイド南大井,東京都品川区南大井１丁目,京急本線 立会川駅 徒歩5分、東京モノレール 大井競馬場前駅 徒歩10分,1982年3月(築41年),6階建,"112,500円","9,000円",無料,無料,2DK,39.17㎡,0円
ジェノヴィア押上Ⅱ,東京都墨田区向島３丁目,京成押上線 押上駅 徒歩7分、東武伊勢崎線 とうきょうスカイツリー駅 徒歩9分,2023年6月(新築),7階建,"112,000円","10,000円",無料,無料,2K,25.65㎡,0円
ベルヴュコート世田谷豪徳寺,東京都世田谷区豪徳寺２丁目,小田急小田原線 豪徳寺駅 徒歩12分、東急世田谷線 宮の坂駅 徒歩7分,2009年3月(築14年),3階建,"175,000円","10,000円",17.5万円,21.0万円,2LDK,51.88㎡,"88,000円"
エステートピアウエスト,東京都荒川区南千住６丁目,都電荒川線 荒川区役所前駅 徒歩5分、都電荒川線 荒川一中前駅 徒歩7分,1988年7月(築35年),3階建,"78,000円","3,000円",無料,無料,2DK,39.54㎡,0円
西六郷三井ハウス,東京都大田区西六郷１丁目,京急本線 雑色駅 徒歩8分、ＪＲ京浜東北・根岸線 蒲田駅 徒歩15分,1981年2月(築42年),2階建,"83,000円",0円,8.3万円,無料,2K,30.89㎡,0円
大野マンション,東京都墨田区菊川３丁目,都営新宿線 菊川駅 徒歩5分、東京メトロ半蔵門線 住吉駅 徒歩9分,1973年1月(築50年),4階建,"82,000円",0円,16.4万円,無料,2K,28㎡,0円
コスモ志村坂上パークビュー,東京都板橋区志村１丁目,都営三田線 志村坂上駅 徒歩4分,2002年3月(築21年),7階建,"175,000円",0円,17.5万円,35.0万円,3LDK,70.14㎡,"88,000円"
ポニーニューハイツ,東京都江戸川区平井６丁目,ＪＲ総武線 平井駅 徒歩11分、東武亀戸線 東あずま駅 徒歩20分,1981年3月(築42年),2階建,"75,000円",0円,7.5万円,7.5万円,2K,30㎡,0円
石井ビル,東京都豊島区上池袋４丁目,東武東上線 北池袋駅 徒歩3分、東武東上線 下板橋駅 徒歩5分,1988年3月(築35年),3階建,"90,000円",0円,9.0万円,9.0万円,2K,28㎡,0円
ミハス武蔵小山,東京都品川区小山５丁目,東急目黒線 西小山駅 徒歩5分、東急目黒線 武蔵小山駅 徒歩8分,2015年7月(築8年),3階建,"144,000円","8,000円",無料,14.4万円,2DK,48.86㎡,0円
高稲荷ハイツ,東京都練馬区桜台６丁目,東京メトロ有楽町線 氷川台駅 徒歩10分、西武池袋線 桜台駅 徒歩14分,1991年7月(築32年),2階建,"92,000円","2,000円",無料,無料,2K,34.78㎡,0円
リズ梅ヶ丘,東京都世田谷区梅丘３丁目,小田急小田原線 梅ヶ丘駅 徒歩10分、東急世田谷線 若林駅 徒歩11分,1991年3月(築32年),3階建,"185,000円","13,000円",37.0万円,無料,3LDK,68.68㎡,0円
パークビュー東高円寺,東京都杉並区高円寺南１丁目,東京メトロ丸ノ内線 東高円寺駅 徒歩5分、ＪＲ中央本線 高円寺駅 徒歩15分,1974年8月(築49年),9階建,"100,000円",0円,10.0万円,10.0万円,2DK,36㎡,0円
ラ・カーサモモイ,東京都杉並区桃井１丁目,ＪＲ中央本線 荻窪駅 徒歩15分、ＪＲ総武線 荻窪駅 徒歩15分,1992年3月(築31年),6階建,"105,000円","10,000円",10.5万円,10.5万円,2DK,40㎡,0円
清和ハイツ,東京都北区赤羽西３丁目,ＪＲ京浜東北・根岸線 赤羽駅 徒歩12分、ＪＲ京浜東北・根岸線 東十条駅 徒歩12分,1993年3月(築30年),2階建,"75,000円","2,000円",7.5万円,7.5万円,2K,30㎡,0円
メゾン呉羽,東京都渋谷区代々木３丁目,ＪＲ山手線 新宿駅 徒歩7分、小田急小田原線 南新宿駅 徒歩7分,1976年1月(築47年),5階建,"115,000円","5,000円",11.5万円,11.5万円,2DK,33.2㎡,0円
あかつき荘,東京都杉並区本天沼２丁目,東京メトロ丸ノ内線 荻窪駅 徒歩15分、ＪＲ中央本線 阿佐ヶ谷駅 徒歩18分,1972年1月(築51年),2階建,"66,000円","1,000円",6.6万円,6.6万円,2K,26.73㎡,0円
ドルフ喜多見,東京都世田谷区喜多見９丁目,小田急小田原線 喜多見駅 徒歩10分、小田急小田原線 成城学園前駅 徒歩22分,2005年2月(築18年),3階建,"134,000円","8,000円",無料,13.4万円,2DK,49.41㎡,"15,000円"
MFPRコート木場公園,東京都江東区東陽６丁目,東京メトロ東西線 木場駅 徒歩9分、東京メトロ東西線 東陽町駅 徒歩10分,2007年3月(築16年),14階建,"171,000円","9,000円",17.1万円,17.1万円,2LDK,44.46㎡,0円
ライオンズマンション東馬込,東京都大田区東馬込１丁目,都営浅草線 馬込駅 徒歩2分、東急大井町線 荏原町駅 徒歩11分,1988年7月(築35年),5階建,"129,000円",0円,12.9万円,12.9万円,2DK,45.9㎡,"88,000円"
昭和ハイツ,東京都足立区神明２丁目,つくばエクスプレス 八潮駅 徒歩20分,1987年7月(築36年),2階建,"60,000円",0円,無料,無料,2DK,38.84㎡,"55,000円"
久住荘,東京都足立区大谷田５丁目,東京メトロ千代田線 北綾瀬駅 徒歩12分,1976年11月(築47年),2階建,"47,000円",0円,無料,無料,2K,27.54㎡,"51,700円"
第二小川荘,東京都足立区大谷田２丁目,東京メトロ千代田線 北綾瀬駅 徒歩21分、ＪＲ常磐線 亀有駅 徒歩26分,1972年1月(築51年),2階建,"56,000円",0円,無料,無料,2K,30.78㎡,"58,000円"
第一小川荘,東京都足立区大谷田２丁目,東京メトロ千代田線 北綾瀬駅 徒歩21分、ＪＲ常磐線 亀有駅 徒歩26分,1973年1月(築50年),2階建,"40,000円",0円,無料,無料,2K,30.78㎡,"44,000円"
パークハウス中村橋コルニエ,東京都練馬区中村北２丁目,西武池袋線 中村橋駅 徒歩9分、西武豊島線 練馬駅 徒歩14分,2003年10月(築20年),8階建,"188,000円","10,000円",18.8万円,18.8万円,2LDK,64.47㎡,"88,000円"
ビューステージ大山,東京都板橋区大山金井町,東武東上線 大山駅 徒歩6分,1993年12月(築30年),10階建,"120,000円","9,000円",12.0万円,12.0万円,2DK,41.25㎡,"22,000円"
パークアクシス入谷,東京都台東区入谷２丁目,東京メトロ日比谷線 入谷駅 徒歩5分,2022年3月(築1年),14階建,"192,000円","20,000円",19.2万円,無料,2LDK,43.36㎡,0円
川瀬コーポラス,東京都世田谷区北烏山７丁目,京王線 千歳烏山駅 徒歩21分、京王井の頭線 久我山駅 徒歩20分,1981年2月(築42年),3階建,"83,000円","3,000円",無料,8.3万円,2DK,43.5㎡,"88,000円"
（仮称）杉並区成田西３丁目計画,東京都杉並区成田西３丁目,東京メトロ丸ノ内線 南阿佐ヶ谷駅 徒歩11分、ＪＲ中央線 阿佐ヶ谷駅 徒歩19分,2024年2月(新築),2階建,"197,000円","3,000円",19.7万円,19.7万円,2LDK,63.34㎡,"88,000円"
グランカーサ三ノ輪Ⅲ,東京都台東区日本堤２丁目,東京メトロ日比谷線 三ノ輪駅 徒歩6分,2023年12月(新築),12階建,"203,000円","12,000円",無料,20.3万円,2LDK,40.88㎡,0円
ロイヤルパレス荏原中延,東京都品川区西中延２丁目,東急池上線 荏原中延駅 徒歩5分、東急大井町線 中延駅 徒歩11分,1984年6月(築39年),4階建,"105,000円","15,000円",無料,無料,2K,33.62㎡,0円
第一金子ビル,東京都足立区綾瀬４丁目,東京メトロ千代田線 綾瀬駅 徒歩5分、つくばエクスプレス 青井駅 徒歩12分,1985年1月(築38年),5階建,"90,000円","5,000円",9.0万円,9.0万円,2DK,48.6㎡,"64,000円"
グランセルコーバ,東京都練馬区豊玉北５丁目,西武池袋線 練馬駅 徒歩2分、都営大江戸線 練馬駅 徒歩1分,1997年2月(築26年),10階建,"130,000円","8,000円",13.0万円,26.0万円,2DK,45.7㎡,"88,000円"
オークマンション,東京都台東区浅草３丁目,東京メトロ銀座線 浅草駅 徒歩8分、東武伊勢崎線 とうきょうスカイツリー駅 徒歩19分,1979年2月(築44年),7階建,"89,000円","10,000円",8.9万円,8.9万円,2DK,41.67㎡,"88,000円"
ミハス大森山王Ⅱ,東京都大田区山王２丁目,ＪＲ京浜東北・根岸線 大森駅 徒歩10分,2020年3月(築3年),3階建,"133,000円","8,000円",無料,13.3万円,2DK,44.71㎡,0円
ミハス池尻,東京都世田谷区池尻２丁目,東急田園都市線 池尻大橋駅 徒歩6分,2019年3月(築4年),3階建,"165,000円","10,000円",無料,16.5万円,2DK,43.67㎡,0円
ガーデン氷川台ハイム,東京都練馬区氷川台３丁目,東京メトロ有楽町線 氷川台駅 徒歩1分,1988年9月(築35年),6階建,"91,000円","8,000円",9.1万円,無料,2DK,37.46㎡,0円
メゾンシティ７号館,東京都杉並区今川１丁目,西武新宿線 井荻駅 徒歩16分,2022年12月(築1年),2階建,"172,000円","4,000円",17.2万円,17.2万円,2LDK,58.9㎡,"88,000円"
ラティエラ滝野川,東京都北区滝野川５丁目,ＪＲ埼京線 板橋駅 徒歩8分、都営三田線 新板橋駅 徒歩5分,2020年3月(築3年),5階建,"197,000円","15,000円",19.7万円,無料,2LDK,55.8㎡,"88,000円"
レピュア大森山王,東京都大田区山王１丁目,ＪＲ京浜東北・根岸線 大森駅 徒歩7分、京急本線 大森海岸駅 徒歩14分,2015年10月(築8年),3階建,"162,000円","8,000円",無料,16.2万円,2LDK,60.04㎡,0円
ＣＩＴＹ　ＳＰＩＲＥ　平井,東京都江戸川区平井１丁目,ＪＲ総武線 平井駅 徒歩14分、都営新宿線 東大島駅 徒歩14分,2007年10月(築16年),13階建,"208,000円","10,000円",20.8万円,20.8万円,3LDK,70.87㎡,0円
マンション御殿山,東京都品川区北品川５丁目,ＪＲ山手線 大崎駅 徒歩5分、都営浅草線 五反田駅 徒歩13分,1979年12月(築44年),11階建,"186,000円",0円,18.6万円,18.6万円,2LDK,50.68㎡,"88,000円"
ハウスＭ・Ⅱ,東京都杉並区西荻南１丁目,ＪＲ総武線 西荻窪駅 徒歩12分、京王井の頭線 久我山駅 徒歩15分,1995年3月(築28年),2階建,"113,000円","2,000円",11.3万円,無料,2DK,47.09㎡,"88,000円"
Ｂｅａｎ’ｓ新中野,東京都中野区中央３丁目,東京メトロ丸ノ内線 新中野駅 徒歩2分、ＪＲ総武線 中野駅 徒歩14分,2002年1月(築21年),3階建,"138,000円","6,000円",13.8万円,13.8万円,2DK,38㎡,"88,000円"
ガーデンハイツたまがわ　Ａ棟,東京都世田谷区玉堤１丁目,東急大井町線 尾山台駅 徒歩20分、東急東横線 田園調布駅 徒歩18分,1988年9月(築35年),2階建,"135,000円",0円,13.5万円,13.5万円,2LDK,57.96㎡,"88,000円"
水元ハウス,東京都葛飾区水元３丁目,ＪＲ常磐線 金町駅 バス8分 水元総合スポーツセンター入口下車 徒歩2分、京成金町線 京成金町駅 バス8分 水元総合スポーツセンター入口下車 徒歩2分,1971年1月(築52年),2階建,"133,000円","5,000円",26.6万円,13.3万円,2LDK,53㎡,"88,000円"
南雪谷４丁目賃貸住宅,東京都大田区南雪谷４丁目,東急池上線 御嶽山駅 徒歩4分、東急池上線 雪が谷大塚駅 徒歩6分,1995年4月(築28年),2階建,"215,000円",0円,21.5万円,21.5万円,2LDK,75.56㎡,"88,000円"
パークアクシス浅草田原町ガーデン,東京都台東区寿１丁目,東京メトロ銀座線 田原町駅 徒歩5分、都営大江戸線 蔵前駅 徒歩7分,2023年4月(新築),12階建,"195,000円","12,000円",19.5万円,無料,2DK,40.47㎡,0円
シーズンフラッツ木場,東京都江東区木場３丁目,東京メトロ東西線 木場駅 徒歩8分,2023年8月(新築),9階建,"200,000円","15,000円",20.0万円,無料,2LDK,42.34㎡,0円
ヴィルドミール成城,東京都世田谷区成城９丁目,小田急小田原線 成城学園前駅 徒歩20分,1999年10月(築24年),5階建,"136,000円","5,500円",13.6万円,13.6万円,2LDK,62.3㎡,"88,000円"
栗山ヴィレッジ七番館,東京都杉並区下井草２丁目,西武新宿線 下井草駅 徒歩3分,1999年3月(築24年),3階建,"200,000円","14,000円",20.0万円,20.0万円,4SLDK,97.71㎡,"88,000円"
S-RESIDENCE押上south,東京都墨田区業平４丁目,都営浅草線 押上駅 徒歩5分、東京メトロ半蔵門線 押上駅 徒歩5分,2024年1月(新築),8階建,"169,000円","15,000円",16.9万円,16.9万円,2DK,40.2㎡,"88,000円"
リージア浅草橋,東京都台東区柳橋２丁目,ＪＲ総武線 浅草橋駅 徒歩5分、都営浅草線 浅草橋駅 徒歩3分,2023年9月(新築),13階建,"186,000円","20,000円",18.6万円,無料,2DK,40.04㎡,0円
石神井ガーデンフラット,東京都練馬区石神井町５丁目,西武池袋線 石神井公園駅 バス3分 禅定院前下車 徒歩13分,1998年9月(築25年),5階建,"166,000円","16,000円",16.6万円,無料,3LDK,84.28㎡,"88,000円"
フォレステージ浜田山,東京都杉並区浜田山１丁目,京王井の頭線 浜田山駅 徒歩9分,1996年6月(築27年),3階建,"190,000円","3,000円",19.0万円,無料,3LDK,65.97㎡,"88,000円"
コーポ田園,東京都大田区田園調布５丁目,東急東横線 田園調布駅 徒歩12分、東急東横線 自由が丘駅 徒歩20分,2019年11月(築4年),2階建,"178,000円","3,500円",17.8万円,17.8万円,2LDK,59.17㎡,"88,000円"
