title,address,access,age,floor,fee,management_fee,deposit,gratuity,floor_plan,area,charge,access1_route,access1_nearest_station,access1_walking_minutes,access2_route,access2_nearest_station,access2_walking_minutes
ベルファース駒沢三丁目,東京都世田谷区駒沢３丁目,東急田園都市線 駒沢大学駅 徒歩10分、東急田園都市線 桜新町駅 徒歩13分,0,3,119000.0,10000.0,119000.0,0.0,2K,25.28,0.0,東急田園都市線,駒沢大学,10,東急田園都市線,桜新町,13
Ｋｏｌｅｔ堀切菖蒲園＃０５,東京都葛飾区東堀切２丁目,京成本線 お花茶屋駅 徒歩12分、京成本線 堀切菖蒲園駅 徒歩14分,1,3,188000.0,0.0,188000.0,0.0,2SLDK,72.0,0.0,京成本線,お花茶屋,12,京成本線,堀切菖蒲園,14
市ヶ谷加賀町アパートA棟,東京都新宿区市谷加賀町２丁目,都営大江戸線 牛込柳町駅 徒歩5分,54,3,163000.0,10000.0,163000.0,0.0,2LDK,48.71,0.0,都営大江戸線,牛込柳町,5,,,
Ｋｏｌｅｔ扇大橋,東京都足立区扇１丁目,日暮里舎人ライナー 扇大橋駅 徒歩11分,0,3,198000.0,0.0,198000.0,198000.0,3LDK,76.99,0.0,日暮里舎人ライナー,扇大橋,11,,,
グランカーサ三ノ輪Ⅱ,東京都台東区日本堤２丁目,東京メトロ日比谷線 三ノ輪駅 徒歩5分,0,10,171000.0,12000.0,0.0,171000.0,2DK,40.57,0.0,東京メトロ日比谷線,三ノ輪,5,,,
ＬＳメゾン,東京都杉並区方南２丁目,東京メトロ丸ノ内線 方南町駅 徒歩2分、東京メトロ丸ノ内線 中野富士見町駅 徒歩18分,2,3,205000.0,5000.0,205000.0,205000.0,2LDK,60.21,0.0,東京メトロ丸ノ内線,方南町,2,東京メトロ丸ノ内線,中野富士見町,18
ルフォンプログレ浅草入谷,東京都台東区千束２丁目,東京メトロ日比谷線 入谷駅 徒歩8分、つくばエクスプレス 浅草駅 徒歩11分,1,14,205000.0,15000.0,205000.0,0.0,2LDK,50.4,0.0,東京メトロ日比谷線,入谷,8,つくばエクスプレス,浅草,11
リングハウス,東京都江戸川区鹿骨５丁目,ＪＲ総武線 小岩駅 徒歩26分,18,2,95000.0,5000.0,0.0,0.0,3K,57.96,0.0,ＪＲ総武線,小岩,26,,,
ウェルスクエア永福町,東京都杉並区和泉３丁目,京王井の頭線 永福町駅 徒歩5分,0,4,177000.0,10000.0,177000.0,177000.0,2LDK,42.88,0.0,京王井の頭線,永福町,5,,,
ハイシティプラザ南大泉,東京都練馬区南大泉３丁目,西武池袋線 保谷駅 徒歩4分,32,8,155000.0,0.0,155000.0,155000.0,3LDK,74.63,0.0,西武池袋線,保谷,4,,,
錦織貸家,東京都新宿区西新宿５丁目,都営大江戸線 西新宿五丁目駅 徒歩6分、東京メトロ丸ノ内線 中野坂上駅 徒歩8分,1,2,210000.0,0.0,210000.0,210000.0,3DK,62.8,88000.0,都営大江戸線,西新宿五丁目,6,東京メトロ丸ノ内線,中野坂上,8
メゾン東小岩Ⅱ,東京都江戸川区東小岩５丁目,ＪＲ総武線 小岩駅 徒歩10分、京成本線 江戸川駅 徒歩14分,35,3,80000.0,3000.0,80000.0,0.0,2K,36.36,0.0,ＪＲ総武線,小岩,10,京成本線,江戸川,14
コスモプレイス赤羽Ⅱ,東京都北区神谷２丁目,ＪＲ京浜東北・根岸線 赤羽駅 徒歩10分、東京メトロ南北線 志茂駅 徒歩14分,34,4,105000.0,8000.0,105000.0,0.0,2DK,44.7,0.0,ＪＲ京浜東北・根岸線,赤羽,10,東京メトロ南北線,志茂,14
コンフォリア・リヴ根岸二丁目,東京都台東区根岸２丁目,ＪＲ山手線 鶯谷駅 徒歩3分、東京メトロ日比谷線 入谷駅 徒歩10分,1,13,108000.0,8000.0,108000.0,0.0,2K,25.11,0.0,ＪＲ山手線,鶯谷,3,東京メトロ日比谷線,入谷,10
ADレジデンス戸越公園,東京都品川区豊町２丁目,東急大井町線 下神明駅 徒歩6分、東急大井町線 戸越公園駅 徒歩8分,34,3,93000.0,0.0,93000.0,0.0,2K,29.7,37000.0,東急大井町線,下神明,6,東急大井町線,戸越公園,8
コンフォリア新御徒町,東京都台東区三筋２丁目,都営大江戸線 新御徒町駅 徒歩4分、都営大江戸線 蔵前駅 徒歩8分,4,14,191000.0,10000.0,191000.0,0.0,2LDK,44.64,0.0,都営大江戸線,新御徒町,4,都営大江戸線,蔵前,8
パークハイム,東京都北区赤羽１丁目,ＪＲ京浜東北・根岸線 赤羽駅 徒歩7分、ＪＲ埼京線 赤羽駅 徒歩7分,31,4,115000.0,0.0,115000.0,0.0,3K,46.92,88000.0,ＪＲ京浜東北・根岸線,赤羽,7,ＪＲ埼京線,赤羽,7
エトワール,東京都北区赤羽２丁目,ＪＲ京浜東北・根岸線 赤羽駅 徒歩7分、東京メトロ南北線 赤羽岩淵駅 徒歩3分,23,6,175000.0,5000.0,175000.0,175000.0,3LDK,67.65,88000.0,ＪＲ京浜東北・根岸線,赤羽,7,東京メトロ南北線,赤羽岩淵,3
ＡＬＴＥＲＮＡ日暮里,東京都荒川区東日暮里２丁目,東京メトロ日比谷線 三ノ輪駅 徒歩8分,0,10,198000.0,15000.0,0.0,0.0,2LDK,51.23,0.0,東京メトロ日比谷線,三ノ輪,8,,,
ピア・グランデ弐番館,東京都練馬区大泉学園町７丁目,西武池袋線 大泉学園駅 バス12分 西長久保下車 徒歩3分、東京メトロ有楽町線 地下鉄成増駅 バス12分 西長久保下車 徒歩3分,31,3,107500.0,6000.0,108000.0,0.0,3DK,66.67,0.0,,,,,,
セゾンベルローズ,東京都大田区蒲田３丁目,京急本線 京急蒲田駅 徒歩6分、ＪＲ京浜東北・根岸線 蒲田駅 徒歩9分,34,3,119000.0,7000.0,119000.0,119000.0,2DK,49.4,0.0,京急本線,京急蒲田,6,ＪＲ京浜東北・根岸線,蒲田,9
ＳＹＦＯＲＭＥ住吉,東京都江東区大島１丁目,東京メトロ半蔵門線 住吉駅 徒歩8分、都営新宿線 住吉駅 徒歩8分,2,10,112000.0,10000.0,0.0,0.0,2K,25.74,0.0,東京メトロ半蔵門線,住吉,8,都営新宿線,住吉,8
ＡＬＴＥＲＮＡ新宿中落合,東京都新宿区中落合３丁目,都営大江戸線 落合南長崎駅 徒歩9分、西武池袋線 椎名町駅 徒歩10分,3,5,100000.0,15000.0,0.0,0.0,2K,25.72,0.0,都営大江戸線,落合南長崎,9,西武池袋線,椎名町,10
コスモリード駒沢大学,東京都世田谷区上馬２丁目,東急田園都市線 駒沢大学駅 徒歩8分、東急世田谷線 西太子堂駅 徒歩13分,29,5,167000.0,8000.0,167000.0,167000.0,2LDK,54.42,88000.0,東急田園都市線,駒沢大学,8,東急世田谷線,西太子堂,13
山﨑マンション,東京都足立区東綾瀬３丁目,東京メトロ千代田線 北綾瀬駅 徒歩6分、つくばエクスプレス 青井駅 徒歩22分,33,3,64000.0,2000.0,64000.0,0.0,2DK,43.0,70400.0,東京メトロ千代田線,北綾瀬,6,つくばエクスプレス,青井,22
日神パレステージ東長崎,東京都豊島区長崎５丁目,西武池袋線 東長崎駅 徒歩6分,34,10,123000.0,8000.0,123000.0,0.0,2DK,43.5,0.0,西武池袋線,東長崎,6,,,
グランデュール六義園,東京都文京区本駒込６丁目,都営三田線 千石駅 徒歩4分、ＪＲ山手線 巣鴨駅 徒歩9分,29,5,129000.0,9000.0,129000.0,129000.0,2DK,41.18,0.0,都営三田線,千石,4,ＪＲ山手線,巣鴨,9
WORVE東京木場,東京都江東区塩浜,東京メトロ東西線 木場駅 徒歩11分、東京メトロ有楽町線 豊洲駅 徒歩16分,1,12,137000.0,18000.0,0.0,0.0,2K,30.9,0.0,東京メトロ東西線,木場,11,東京メトロ有楽町線,豊洲,16
タムラコーポ,東京都江戸川区上篠崎,都営新宿線 篠崎駅 徒歩13分,32,3,63000.0,3000.0,63000.0,0.0,2DK,40.03,0.0,都営新宿線,篠崎,13,,,
シャトル金町,東京都葛飾区南水元１丁目,ＪＲ常磐線 金町駅 徒歩19分、京成金町線 京成金町駅 徒歩21分,33,3,64000.0,4000.0,0.0,0.0,2DK,39.74,0.0,ＪＲ常磐線,金町,19,京成金町線,京成金町,21
桜レジデンスC,東京都荒川区町屋４丁目,東京メトロ千代田線 町屋駅 徒歩10分、京成本線 京成町屋駅 徒歩10分,76,2,60000.0,5000.0,0.0,0.0,2K,33.0,66000.0,東京メトロ千代田線,町屋,10,京成本線,京成町屋,10
サンハイム清水,東京都台東区橋場,東京メトロ銀座線 浅草駅 バス7分 橋場老人福祉館西下車 徒歩22分、ＪＲ常磐線 南千住駅 バス5分 橋場1丁目下車 徒歩18分,34,11,128000.0,12000.0,128000.0,0.0,2LDK,53.63,0.0,,,,,,
コンフォール上祖師谷,東京都世田谷区上祖師谷５丁目,京王線 仙川駅 徒歩12分,25,4,130000.0,12000.0,130000.0,0.0,2LDK,61.28,0.0,京王線,仙川,12,,,
経堂サンハイツ,東京都世田谷区経堂,小田急小田原線 千歳船橋駅 徒歩6分、小田急小田原線 経堂駅 徒歩13分,43,3,137000.0,3000.0,137000.0,0.0,3DK,54.0,34000.0,小田急小田原線,千歳船橋,6,小田急小田原線,経堂,13
クレストラン蒲田,東京都大田区蒲田３丁目,京急本線 京急蒲田駅 徒歩5分、ＪＲ京浜東北・根岸線 蒲田駅 徒歩11分,1,3,140000.0,5000.0,0.0,140000.0,2DK,46.45,11000.0,京急本線,京急蒲田,5,ＪＲ京浜東北・根岸線,蒲田,11
クリオ上野毛ラ・モード,東京都世田谷区上野毛１丁目,東急大井町線 上野毛駅 徒歩2分、東急田園都市線 二子玉川駅 徒歩17分,19,9,194000.0,8000.0,0.0,0.0,2LDK,48.41,0.0,東急大井町線,上野毛,2,東急田園都市線,二子玉川,17
フローラルハイツお花茶屋,東京都葛飾区お花茶屋,京成本線 お花茶屋駅 徒歩12分、ＪＲ常磐線 亀有駅 徒歩20分,50,2,45000.0,0.0,0.0,0.0,2K,21.54,0.0,京成本線,お花茶屋,12,ＪＲ常磐線,亀有,20
エステートピア・ｕ１号棟,東京都練馬区石神井台２丁目,西武池袋線 石神井公園駅 バス5分 石神井団地入口下車 徒歩19分、ＪＲ中央線 吉祥寺駅 バス27分 石神井団地入口下車 徒歩4分,26,2,84000.0,3000.0,0.0,0.0,2DK,44.71,42000.0,,,,,,
Ｂｒｉｌｌｉａ　ｉｓｔ　駒込,東京都北区西ケ原１丁目,ＪＲ山手線 駒込駅 徒歩5分、東京メトロ南北線 駒込駅 徒歩5分,3,12,165000.0,12000.0,165000.0,165000.0,2DK,41.05,0.0,ＪＲ山手線,駒込,5,東京メトロ南北線,駒込,5
Ｊ．ＧＲＡＮ　Ｃｏｕｒｔ　浅草,東京都台東区浅草３丁目,東京メトロ銀座線 浅草駅 徒歩8分、つくばエクスプレス 浅草駅 徒歩7分,0,12,190000.0,15000.0,0.0,0.0,2DK,40.75,0.0,東京メトロ銀座線,浅草,8,つくばエクスプレス,浅草,7
Ｊ．ＧＲＡＮ　Ｃｏｕｒｔ　品川西大井ＷＥＳＴ,東京都品川区西大井２丁目,ＪＲ横須賀線 西大井駅 徒歩7分、湘南新宿ライン宇須 西大井駅 徒歩7分,0,5,196000.0,20000.0,196000.0,0.0,2LDK,40.26,0.0,ＪＲ横須賀線,西大井,7,湘南新宿ライン宇須,西大井,7
ルート南常盤台,東京都板橋区南常盤台１丁目,東武東上線 ときわ台駅 徒歩1分,27,7,135000.0,10000.0,135000.0,135000.0,3DK,54.28,0.0,東武東上線,ときわ台,1,,,
ジオエント浅草雷門,東京都台東区雷門１丁目,東京メトロ銀座線 浅草駅 徒歩4分、都営浅草線 浅草駅 徒歩4分,0,11,184000.0,15000.0,184000.0,0.0,2DK,40.85,0.0,東京メトロ銀座線,浅草,4,都営浅草線,浅草,4
パークアクシス蒲田壱番館,東京都大田区蒲田本町２丁目,京急本線 京急蒲田駅 徒歩8分、ＪＲ京浜東北・根岸線 蒲田駅 徒歩12分,14,7,162000.0,10000.0,162000.0,162000.0,2DK,47.09,0.0,京急本線,京急蒲田,8,ＪＲ京浜東北・根岸線,蒲田,12
ハイツ若月,東京都中野区東中野４丁目,東京メトロ東西線 落合駅 徒歩4分、ＪＲ総武線 東中野駅 徒歩5分,49,3,90000.0,5000.0,90000.0,90000.0,2DK,42.0,39000.0,東京メトロ東西線,落合,4,ＪＲ総武線,東中野,5
Ｊ．ＧＲＡＮ　Ｃｏｕｒｔ　品川西大井ＥＡＳＴ,東京都品川区西大井２丁目,ＪＲ横須賀線 西大井駅 徒歩7分、湘南新宿ライン宇須 西大井駅 徒歩7分,0,9,195000.0,20000.0,195000.0,0.0,2LDK,40.6,0.0,ＪＲ横須賀線,西大井,7,湘南新宿ライン宇須,西大井,7
グリュンハイム和泉,東京都杉並区和泉,東京メトロ丸ノ内線 方南町駅 徒歩6分,34,5,140000.0,0.0,0.0,0.0,2LDK,61.79,0.0,東京メトロ丸ノ内線,方南町,6,,,
イプセ多摩川緑地,東京都大田区南六郷３丁目,京急本線 雑色駅 徒歩10分、京急本線 六郷土手駅 徒歩13分,16,10,160000.0,9000.0,160000.0,160000.0,2LDK,52.56,0.0,京急本線,雑色,10,京急本線,六郷土手,13
ダイヤハイツ,東京都中野区新井,ＪＲ中央線 中野駅 徒歩12分、西武新宿線 沼袋駅 徒歩9分,25,4,125000.0,5000.0,125000.0,125000.0,2DK,41.17,0.0,ＪＲ中央線,中野,12,西武新宿線,沼袋,9
デュオフラッツ板橋本町,東京都板橋区清水町,都営三田線 本蓮沼駅 徒歩4分、都営三田線 板橋本町駅 徒歩8分,0,14,203000.0,12000.0,203000.0,0.0,2LDK,46.85,0.0,都営三田線,本蓮沼,4,都営三田線,板橋本町,8
アルファコート北綾瀬２,東京都足立区東和５丁目,東京メトロ千代田線 北綾瀬駅 徒歩10分,0,7,204000.0,15000.0,204000.0,0.0,2LDK,59.9,0.0,東京メトロ千代田線,北綾瀬,10,,,
オープンブルーム綾瀬,東京都足立区綾瀬２丁目,ＪＲ常磐線 綾瀬駅 徒歩9分、東京メトロ千代田線 綾瀬駅 徒歩9分,0,10,195000.0,15000.0,195000.0,0.0,2LDK,49.12,0.0,ＪＲ常磐線,綾瀬,9,東京メトロ千代田線,綾瀬,9
Ｋｏｌｅｔ竹ノ塚北,東京都足立区西保木間２丁目,東武伊勢崎線 竹ノ塚駅 徒歩21分,1,3,205000.0,0.0,205000.0,0.0,3SLDK,97.19,0.0,東武伊勢崎線,竹ノ塚,21,,,
フェリーチャス,東京都練馬区豊玉北,都営大江戸線 新江古田駅 徒歩6分、西武池袋線 江古田駅 徒歩13分,3,3,197000.0,3000.0,197000.0,197000.0,3LDK,76.41,88000.0,都営大江戸線,新江古田,6,西武池袋線,江古田,13
フェリーチェ錦糸町,東京都墨田区江東橋２丁目,ＪＲ総武線 錦糸町駅 徒歩7分、東京メトロ半蔵門線 住吉駅 徒歩8分,1,15,106000.0,10000.0,106000.0,0.0,2K,25.6,0.0,ＪＲ総武線,錦糸町,7,東京メトロ半蔵門線,住吉,8
リバティーハウス,東京都世田谷区船橋４丁目,小田急小田原線 千歳船橋駅 徒歩12分、京王線 桜上水駅 徒歩21分,29,3,195000.0,0.0,195000.0,195000.0,4LDK,73.7,88000.0,小田急小田原線,千歳船橋,12,京王線,桜上水,21
堀切菖蒲園戸建,東京都葛飾区堀切６丁目,京成本線 堀切菖蒲園駅 徒歩8分、東京メトロ千代田線 綾瀬駅 徒歩19分,38,2,148000.0,0.0,148000.0,0.0,3DK,70.36,0.0,京成本線,堀切菖蒲園,8,東京メトロ千代田線,綾瀬,19
ジェノヴィア池袋本町,東京都豊島区池袋本町２丁目,東武東上線 下板橋駅 徒歩8分、東武東上線 北池袋駅 徒歩9分,0,7,115500.0,10000.0,0.0,0.0,2K,25.95,0.0,東武東上線,下板橋,8,東武東上線,北池袋,9
東京アクアージュ,東京都足立区栗原３丁目,東武伊勢崎線 西新井駅 徒歩10分、東武大師線 大師前駅 徒歩8分,20,14,180000.0,10000.0,180000.0,180000.0,4LDK,93.03,0.0,東武伊勢崎線,西新井,10,東武大師線,大師前,8
フォレストメゾンＭ,東京都品川区南大井１丁目,京急本線 立会川駅 徒歩4分、ＪＲ京浜東北・根岸線 大井町駅 徒歩19分,6,2,190000.0,0.0,0.0,0.0,2LDK,69.77,88000.0,京急本線,立会川,4,ＪＲ京浜東北・根岸線,大井町,19
ウェルスクエアイズム白金台,東京都港区白金台１丁目,都営三田線 白金台駅 徒歩5分、都営浅草線 高輪台駅 徒歩8分,0,5,206000.0,12000.0,206000.0,206000.0,2LDK,40.85,0.0,都営三田線,白金台,5,都営浅草線,高輪台,8
ＨＦ正光寺赤羽レジデンスⅡ,東京都北区岩淵町,東京メトロ南北線 赤羽岩淵駅 徒歩5分、ＪＲ京浜東北・根岸線 赤羽駅 徒歩13分,3,14,200000.0,12000.0,200000.0,200000.0,2LDK,55.72,0.0,東京メトロ南北線,赤羽岩淵,5,ＪＲ京浜東北・根岸線,赤羽,13
シャンボール第2南品川,東京都品川区南品川,京急本線 青物横丁駅 徒歩2分、ＪＲ京浜東北・根岸線 大井町駅 徒歩15分,53,7,119000.0,10000.0,119000.0,119000.0,2DK,36.0,88000.0,京急本線,青物横丁,2,ＪＲ京浜東北・根岸線,大井町,15
ＡＳＡＫＵＳＡ　ＯＮＥ,東京都台東区浅草５丁目,都営浅草線 浅草駅 徒歩13分、つくばエクスプレス 浅草駅 徒歩15分,0,5,194000.0,10000.0,0.0,0.0,2LDK,57.48,0.0,都営浅草線,浅草,13,つくばエクスプレス,浅草,15
Ｋｏｌｅｔ梅島＃０３,東京都足立区梅田３丁目,東武伊勢崎線 梅島駅 徒歩16分,1,3,197000.0,0.0,197000.0,0.0,2SLDK,81.67,0.0,東武伊勢崎線,梅島,16,,,
レジデンスシャルマン月島,東京都中央区月島３丁目,都営大江戸線 勝どき駅 徒歩6分、東京メトロ有楽町線 月島駅 徒歩5分,19,10,204000.0,14000.0,204000.0,0.0,2DK,57.98,0.0,都営大江戸線,勝どき,6,東京メトロ有楽町線,月島,5
ミリアレジデンス品川中延,東京都品川区二葉４丁目,都営浅草線 中延駅 徒歩7分、湘南新宿ライン宇須 西大井駅 徒歩8分,1,5,198000.0,15000.0,0.0,0.0,2DK,40.28,0.0,都営浅草線,中延,7,湘南新宿ライン宇須,西大井,8
ＪＰｎｏｉｅ下高井戸,東京都世田谷区松原３丁目,京王線 下高井戸駅 徒歩3分、京王線 明大前駅 徒歩9分,8,13,198000.0,15000.0,198000.0,396000.0,2LDK,47.75,0.0,京王線,下高井戸,3,京王線,明大前,9
ルクレ馬込,東京都大田区中馬込,都営浅草線 馬込駅 徒歩3分、都営浅草線 西馬込駅 徒歩12分,6,5,144000.0,8000.0,0.0,0.0,2DK,40.88,0.0,都営浅草線,馬込,3,都営浅草線,西馬込,12
サンライズ入谷,東京都台東区下谷３丁目,東京メトロ日比谷線 入谷駅 徒歩7分、東京メトロ日比谷線 三ノ輪駅 徒歩8分,49,11,88000.0,0.0,88000.0,88000.0,2K,38.0,88000.0,東京メトロ日比谷線,入谷,7,東京メトロ日比谷線,三ノ輪,8
パラシオン本郷,東京都文京区西片１丁目,都営三田線 春日駅 徒歩2分、東京メトロ南北線 後楽園駅 徒歩5分,43,9,195000.0,0.0,195000.0,195000.0,2LDK,54.75,88000.0,都営三田線,春日,2,東京メトロ南北線,後楽園,5
ジュネス練馬,東京都練馬区中村北１丁目,西武池袋線 練馬駅 徒歩5分、都営大江戸線 練馬駅 徒歩5分,45,11,84000.0,9000.0,84000.0,0.0,2DK,36.62,0.0,西武池袋線,練馬,5,都営大江戸線,練馬,5
ミール千歳烏山,東京都世田谷区南烏山６丁目,京王線 千歳烏山駅 徒歩3分,32,9,148000.0,5000.0,148000.0,0.0,2DK,46.2,0.0,京王線,千歳烏山,3,,,
コンフォリア下北沢,東京都世田谷区羽根木１丁目,京王井の頭線 下北沢駅 徒歩12分、京王井の頭線 新代田駅 徒歩6分,18,11,204000.0,10000.0,204000.0,0.0,2DK,50.21,0.0,京王井の頭線,下北沢,12,京王井の頭線,新代田,6
ディームス上野御徒町,東京都台東区台東３丁目,都営大江戸線 新御徒町駅 徒歩5分、東京メトロ日比谷線 仲御徒町駅 徒歩6分,2,13,189000.0,12000.0,189000.0,0.0,2DK,40.2,0.0,都営大江戸線,新御徒町,5,東京メトロ日比谷線,仲御徒町,6
ミュプレ池上,東京都大田区池上６丁目,東急池上線 池上駅 徒歩2分、東急多摩川線 矢口渡駅 徒歩18分,2,9,168000.0,12000.0,168000.0,0.0,2DK,37.18,0.0,東急池上線,池上,2,東急多摩川線,矢口渡,18
阪上ロイヤルハイツ第二,東京都荒川区南千住５丁目,東京メトロ日比谷線 南千住駅 徒歩8分、つくばエクスプレス 南千住駅 徒歩8分,33,10,85000.0,8000.0,85000.0,85000.0,2DK,38.12,0.0,東京メトロ日比谷線,南千住,8,つくばエクスプレス,南千住,8
シャンポールサカエ,東京都北区中十条３丁目,ＪＲ京浜東北・根岸線 東十条駅 徒歩6分、ＪＲ埼京線 十条駅 徒歩12分,36,2,76000.0,3000.0,76000.0,0.0,2DK,30.92,0.0,ＪＲ京浜東北・根岸線,東十条,6,ＪＲ埼京線,十条,12
ジ・アパートメント　ヒルトップ中野,東京都中野区中野６丁目,ＪＲ中央線 中野駅 徒歩14分、東京メトロ東西線 落合駅 徒歩11分,21,12,210000.0,6000.0,210000.0,210000.0,3LDK,65.08,88000.0,ＪＲ中央線,中野,14,東京メトロ東西線,落合,11
Ｋｏｌｅｔ葛飾高砂＃０２,東京都葛飾区高砂７丁目,京成本線 京成高砂駅 徒歩10分,1,3,209000.0,0.0,209000.0,0.0,2SLDK,72.38,0.0,京成本線,京成高砂,10,,,
Ｋｏｌｅｔ葛飾鎌倉＃１６,東京都葛飾区鎌倉２丁目,京成本線 京成小岩駅 徒歩12分,1,2,220000.0,0.0,220000.0,0.0,2SLDK,74.52,0.0,京成本線,京成小岩,12,,,
ステラメゾン茗荷谷,東京都文京区小日向４丁目,東京メトロ丸ノ内線 茗荷谷駅 徒歩1分,17,14,180000.0,10000.0,180000.0,180000.0,2DK,44.86,88000.0,東京メトロ丸ノ内線,茗荷谷,1,,,
メゾン　チノ,東京都葛飾区青戸,京成本線 青砥駅 徒歩2分,36,2,73000.0,2000.0,73000.0,0.0,2DK,38.33,0.0,京成本線,青砥,2,,,
サクラノキテラス中目黒,東京都目黒区上目黒３丁目,東急東横線 中目黒駅 徒歩6分、東急東横線 祐天寺駅 徒歩12分,13,3,210000.0,5000.0,0.0,0.0,2DK,45.43,0.0,東急東横線,中目黒,6,東急東横線,祐天寺,12
アイルグランデ大田,東京都大田区中馬込１丁目,都営浅草線 馬込駅 徒歩8分、都営浅草線 西馬込駅 徒歩13分,2,5,135000.0,10000.0,0.0,0.0,2K,37.37,0.0,都営浅草線,馬込,8,都営浅草線,西馬込,13
Ｋｏｌｅｔ葛飾西水元＃０８,東京都葛飾区西水元１丁目,ＪＲ常磐線 金町駅 徒歩38分,0,2,198000.0,0.0,198000.0,198000.0,3LDK,77.21,0.0,ＪＲ常磐線,金町,38,,,
Ｋｏｌｅｔ葛飾高砂＃０８,東京都葛飾区柴又４丁目,京成本線 京成高砂駅 徒歩11分、京成金町線 柴又駅 徒歩8分,1,3,217000.0,0.0,217000.0,0.0,2SLDK,96.23,0.0,京成本線,京成高砂,11,京成金町線,柴又,8
Ｋｏｌｅｔ堀切菖蒲園＃０２,東京都葛飾区東堀切２丁目,京成本線 お花茶屋駅 徒歩12分,1,3,188000.0,0.0,188000.0,0.0,2SLDK,72.56,0.0,京成本線,お花茶屋,12,,,
Ｋｏｌｅｔ葛飾高砂＃０３,東京都葛飾区高砂３丁目,京成本線 京成高砂駅 徒歩5分,1,3,208000.0,0.0,208000.0,0.0,2SLDK,72.68,0.0,京成本線,京成高砂,5,,,
Ｋｏｌｅｔ葛飾高砂＃０４,東京都葛飾区高砂６丁目,京成本線 京成高砂駅 徒歩14分,1,3,196000.0,0.0,196000.0,0.0,2SLDK,69.31,0.0,京成本線,京成高砂,14,,,
Ｋｏｌｅｔ葛飾鎌倉＃０６,東京都葛飾区鎌倉３丁目,京成本線 京成小岩駅 徒歩9分,1,3,205000.0,0.0,205000.0,0.0,2SLDK,75.34,0.0,京成本線,京成小岩,9,,,
グランドフェニックス,東京都新宿区西早稲田３丁目,ＪＲ山手線 高田馬場駅 徒歩11分、都電荒川線 面影橋駅 徒歩2分,26,13,176000.0,16000.0,176000.0,0.0,2LDK,68.38,88000.0,ＪＲ山手線,高田馬場,11,都電荒川線,面影橋,2
ワールドレジデンス,東京都豊島区長崎５丁目,西武池袋線 東長崎駅 徒歩5分、東京メトロ有楽町線 千川駅 徒歩14分,0,2,172000.0,5000.0,172000.0,172000.0,2LDK,53.68,0.0,西武池袋線,東長崎,5,東京メトロ有楽町線,千川,14
オープンレジデンシア上野入谷,東京都台東区入谷２丁目,東京メトロ日比谷線 入谷駅 徒歩6分、つくばエクスプレス 浅草駅 徒歩9分,0,15,189000.0,10000.0,189000.0,189000.0,2LDK,48.1,88000.0,東京メトロ日比谷線,入谷,6,つくばエクスプレス,浅草,9
Ｋｏｌｅｔ葛飾西水元＃０７,東京都葛飾区西水元１丁目,ＪＲ常磐線 金町駅 徒歩38分,0,2,198000.0,0.0,198000.0,198000.0,3LDK,74.11,0.0,ＪＲ常磐線,金町,38,,,
Ｋｏｌｅｔ足立神明南,東京都足立区神明南１丁目,つくばエクスプレス 六町駅 徒歩18分,0,3,220000.0,0.0,220000.0,220000.0,3SLDK,91.49,0.0,つくばエクスプレス,六町,18,,,
Ｋｏｌｅｔ足立大谷田＃０３,東京都足立区大谷田１丁目,東京メトロ千代田線 北綾瀬駅 徒歩21分,0,3,188000.0,0.0,188000.0,188000.0,2SLDK,71.27,0.0,東京メトロ千代田線,北綾瀬,21,,,
Ｋｏｌｅｔ足立関原＃０２,東京都足立区関原２丁目,東武伊勢崎線 西新井駅 徒歩21分,0,2,204000.0,0.0,204000.0,204000.0,2SLDK,89.79,0.0,東武伊勢崎線,西新井,21,,,
Ｋｏｌｅｔ足立佐野＃０３,東京都足立区佐野２丁目,東京メトロ千代田線 北綾瀬駅 徒歩22分,0,2,203000.0,0.0,203000.0,203000.0,4LDK,86.94,0.0,東京メトロ千代田線,北綾瀬,22,,,
Ｋｏｌｅｔ亀有＃０３,東京都足立区東和２丁目,ＪＲ常磐線 亀有駅 徒歩12分,1,3,199000.0,0.0,199000.0,0.0,2SLDK,67.19,0.0,ＪＲ常磐線,亀有,12,,,
Ｋｏｌｅｔ八広＃０２,東京都墨田区東向島６丁目,京成押上線 八広駅 徒歩5分、東武伊勢崎線 東向島駅 徒歩8分,1,3,215000.0,0.0,215000.0,0.0,2SLDK,68.2,0.0,京成押上線,八広,5,東武伊勢崎線,東向島,8
東雲キャナルコートＣＯＤＡＮ１８号棟,東京都江東区東雲１丁目,東京メトロ有楽町線 辰巳駅 徒歩9分、東京臨海高速鉄道りんかい線 東雲駅 徒歩12分,19,14,200000.0,15000.0,200000.0,200000.0,2LDK,60.69,0.0,東京メトロ有楽町線,辰巳,9,東京臨海高速鉄道りんかい線,東雲,12
パークキューブ平和台,東京都練馬区平和台３丁目,東京メトロ有楽町線 平和台駅 徒歩9分、東京メトロ副都心線 平和台駅 徒歩9分,16,4,201000.0,0.0,201000.0,201000.0,2LDK,55.67,0.0,東京メトロ有楽町線,平和台,9,東京メトロ副都心線,平和台,9
下落合ハウス,東京都新宿区下落合４丁目,西武新宿線 下落合駅 徒歩10分、西武池袋線 椎名町駅 徒歩11分,72,2,109000.0,0.0,0.0,0.0,2K,46.28,0.0,西武新宿線,下落合,10,西武池袋線,椎名町,11
スカイタウン沼袋,東京都中野区沼袋３丁目,西武新宿線 沼袋駅 徒歩2分、西武新宿線 新井薬師前駅 徒歩13分,36,3,112000.0,5000.0,112000.0,0.0,2DK,39.45,88000.0,西武新宿線,沼袋,2,西武新宿線,新井薬師前,13
ハオスローレライ,東京都江戸川区上篠崎４丁目,都営新宿線 篠崎駅 徒歩6分、都営新宿線 瑞江駅 徒歩30分,25,8,78000.0,6000.0,78000.0,0.0,2K,39.75,0.0,都営新宿線,篠崎,6,都営新宿線,瑞江,30
アルテシモクルブ,東京都目黒区目黒本町３丁目,東急目黒線 武蔵小山駅 徒歩5分、東急目黒線 西小山駅 徒歩12分,0,6,190000.0,15000.0,0.0,0.0,2DK,40.14,0.0,東急目黒線,武蔵小山,5,東急目黒線,西小山,12
Ｋｏｌｅｔ梅島,東京都足立区梅田３丁目,東武伊勢崎線 梅島駅 徒歩14分,1,3,218000.0,0.0,218000.0,0.0,3SLDK,88.79,0.0,東武伊勢崎線,梅島,14,,,
Ｋｏｌｅｔ足立入谷＃０３,東京都足立区入谷３丁目,日暮里舎人ライナー 舎人駅 徒歩13分,0,3,195000.0,0.0,195000.0,195000.0,3LDK,94.8,0.0,日暮里舎人ライナー,舎人,13,,,
Ｋｏｌｅｔ柴又＃０６,東京都葛飾区柴又２丁目,京成金町線 柴又駅 徒歩10分,0,3,201000.0,0.0,201000.0,201000.0,2SLDK,72.09,0.0,京成金町線,柴又,10,,,
Ｋｏｌｅｔ大師前＃０４,東京都足立区西新井本町４丁目,日暮里舎人ライナー 江北駅 徒歩14分,0,3,220000.0,0.0,220000.0,220000.0,3SLDK,83.67,0.0,日暮里舎人ライナー,江北,14,,,
Ｋｏｌｅｔ竹ノ塚,東京都足立区六月２丁目,東武伊勢崎線 竹ノ塚駅 徒歩15分,0,3,200000.0,0.0,200000.0,200000.0,2SLDK,79.9,0.0,東武伊勢崎線,竹ノ塚,15,,,
Ｋｏｌｅｔ足立大谷田,東京都足立区大谷田５丁目,東京メトロ千代田線 北綾瀬駅 徒歩17分,0,3,209000.0,0.0,209000.0,209000.0,2SLDK,87.56,0.0,東京メトロ千代田線,北綾瀬,17,,,
Ｋｏｌｅｔ足立大谷田＃０２,東京都足立区大谷田５丁目,東京メトロ千代田線 北綾瀬駅 徒歩17分,0,3,209000.0,0.0,209000.0,209000.0,2SLDK,87.56,0.0,東京メトロ千代田線,北綾瀬,17,,,
Ｋｏｌｅｔ足立関原,東京都足立区関原２丁目,東武伊勢崎線 西新井駅 徒歩21分,0,3,201000.0,0.0,201000.0,201000.0,3SLDK,94.9,0.0,東武伊勢崎線,西新井,21,,,
Ｋｏｌｅｔ足立佐野＃０４,東京都足立区佐野２丁目,東京メトロ千代田線 北綾瀬駅 徒歩22分,0,2,203000.0,0.0,203000.0,203000.0,4LDK,86.94,0.0,東京メトロ千代田線,北綾瀬,22,,,
Ｋｏｌｅｔ足立東伊興,東京都足立区東伊興２丁目,東武伊勢崎線 竹ノ塚駅 徒歩17分,2,3,184000.0,0.0,184000.0,0.0,2SLDK,76.59,0.0,東武伊勢崎線,竹ノ塚,17,,,
オーキッドレジデンス練馬北町,東京都練馬区北町２丁目,東武東上線 東武練馬駅 徒歩6分,32,7,139000.0,10000.0,0.0,0.0,3DK,55.0,0.0,東武東上線,東武練馬,6,,,
コンフォリア下落合,東京都新宿区中落合２丁目,西武新宿線 下落合駅 徒歩3分、都営大江戸線 中井駅 徒歩12分,18,5,181000.0,10000.0,181000.0,0.0,2LDK,56.93,0.0,西武新宿線,下落合,3,都営大江戸線,中井,12
季美　東大井,東京都品川区東大井２丁目,ＪＲ京浜東北・根岸線 大井町駅 徒歩12分、京急本線 立会川駅 徒歩7分,9,14,172000.0,10000.0,172000.0,172000.0,2LDK,68.41,88000.0,ＪＲ京浜東北・根岸線,大井町,12,京急本線,立会川,7
Ｋｏｌｅｔ亀有＃０４,東京都足立区東和２丁目,ＪＲ常磐線 亀有駅 徒歩12分,1,3,199000.0,0.0,199000.0,0.0,2SLDK,67.19,0.0,ＪＲ常磐線,亀有,12,,,
Ｋｏｌｅｔ西新井本町＃１３,東京都足立区西新井本町４丁目,東武伊勢崎線 西新井駅 徒歩16分,1,3,197000.0,0.0,197000.0,0.0,2SLDK,82.14,0.0,東武伊勢崎線,西新井,16,,,
Ｋｏｌｅｔ尾久＃０２,東京都荒川区西尾久６丁目,都電荒川線 小台駅 徒歩4分,1,3,215000.0,0.0,215000.0,0.0,2SLDK,72.32,0.0,都電荒川線,小台,4,,,
メゾン・ド・ロア,東京都世田谷区砧５丁目,小田急小田原線 祖師ヶ谷大蔵駅 徒歩14分、小田急小田原線 成城学園前駅 徒歩20分,40,6,160000.0,9000.0,160000.0,0.0,2SLDK,71.34,0.0,小田急小田原線,祖師ヶ谷大蔵,14,小田急小田原線,成城学園前,20
江戸川橋杉原ビルヂング,東京都新宿区山吹町,東京メトロ東西線 神楽坂駅 徒歩11分、東京メトロ東西線 早稲田駅 徒歩13分,33,12,203000.0,12000.0,203000.0,244000.0,2LDK,65.52,88000.0,東京メトロ東西線,神楽坂,11,東京メトロ東西線,早稲田,13
豊電ビル,東京都新宿区高田馬場,ＪＲ山手線 高田馬場駅 徒歩4分、東京メトロ副都心線 西早稲田駅 徒歩7分,40,8,168000.0,5000.0,168000.0,168000.0,3LDK,73.41,88000.0,ＪＲ山手線,高田馬場,4,東京メトロ副都心線,西早稲田,7
Ｋｏｌｅｔ葛飾水元,東京都葛飾区水元１丁目,ＪＲ常磐線 亀有駅 バス25分 飯塚橋下車 徒歩5分,2,2,184000.0,0.0,184000.0,0.0,3LDK,77.11,0.0,,,,,,
Ｋｏｌｅｔ葛飾新宿,東京都葛飾区新宿１丁目,京成金町線 京成高砂駅 徒歩14分,0,3,218000.0,0.0,218000.0,218000.0,2SLDK,82.19,0.0,京成金町線,京成高砂,14,,,
グランカーサ王子,東京都北区王子３丁目,東京メトロ南北線 王子駅 徒歩8分、ＪＲ京浜東北・根岸線 王子駅 徒歩10分,2,13,197000.0,12000.0,197000.0,0.0,2LDK,55.75,0.0,東京メトロ南北線,王子,8,ＪＲ京浜東北・根岸線,王子,10
Ｋｏｌｅｔ六町＃０５,東京都足立区南花畑４丁目,つくばエクスプレス 六町駅 徒歩12分,1,2,220000.0,0.0,220000.0,0.0,3LDK,80.93,0.0,つくばエクスプレス,六町,12,,,
Ｋｏｌｅｔ梅島＃０８,東京都足立区梅田４丁目,東武伊勢崎線 梅島駅 徒歩14分,1,3,212000.0,0.0,212000.0,0.0,2SLDK,90.45,0.0,東武伊勢崎線,梅島,14,,,
Ｋｏｌｅｔ青井＃０３,東京都足立区青井６丁目,つくばエクスプレス 青井駅 徒歩14分,1,3,188000.0,0.0,188000.0,0.0,2SLDK,73.22,0.0,つくばエクスプレス,青井,14,,,
高井戸ロジュマン,東京都杉並区高井戸東４丁目,京王井の頭線 高井戸駅 徒歩11分、ＪＲ中央線 荻窪駅 バス13分 柳窪下車 徒歩3分,27,3,140000.0,20000.0,0.0,0.0,2LDK,52.19,0.0,京王井の頭線,高井戸,11,,,
千石きむらビル,東京都葛飾区亀有,ＪＲ常磐線 亀有駅 徒歩3分,31,4,95000.0,4000.0,0.0,0.0,2DK,51.1,0.0,ＪＲ常磐線,亀有,3,,,
リメゾン大島,東京都江東区大島,都営新宿線 東大島駅 徒歩5分、都営新宿線 大島駅 徒歩12分,42,2,145000.0,0.0,218000.0,145000.0,2LDK,41.25,88000.0,都営新宿線,東大島,5,都営新宿線,大島,12
Attirant下落合,東京都新宿区中落合１丁目,西武新宿線 下落合駅 徒歩6分、東京メトロ東西線 落合駅 徒歩12分,0,4,119500.0,15000.0,119000.0,0.0,2K,30.45,88000.0,西武新宿線,下落合,6,東京メトロ東西線,落合,12
アイディ御殿山ヒルズファースト,東京都品川区北品川３丁目,京急本線 北品川駅 徒歩4分,0,4,159000.0,10000.0,0.0,159000.0,2K,47.04,0.0,京急本線,北品川,4,,,
ウェルスクエア用賀,東京都世田谷区用賀２丁目,東急田園都市線 用賀駅 徒歩3分、東急田園都市線 桜新町駅 徒歩15分,0,5,184000.0,10000.0,184000.0,184000.0,2LDK,40.45,0.0,東急田園都市線,用賀,3,東急田園都市線,桜新町,15
シーズンフラッツ蔵前,東京都台東区蔵前３丁目,都営浅草線 蔵前駅 徒歩1分、都営大江戸線 蔵前駅 徒歩4分,0,14,200000.0,15000.0,200000.0,0.0,2LDK,43.0,0.0,都営浅草線,蔵前,1,都営大江戸線,蔵前,4
Ｋｏｌｅｔ青井六丁目,東京都足立区青井６丁目,つくばエクスプレス 青井駅 徒歩16分、東武伊勢崎線 五反野駅 徒歩19分,2,3,217000.0,0.0,217000.0,0.0,2SLDK,91.7,0.0,つくばエクスプレス,青井,16,東武伊勢崎線,五反野,19
ウェルスクエア方南町,東京都杉並区和泉４丁目,東京メトロ丸ノ内線 方南町駅 徒歩4分,0,4,169000.0,8000.0,169000.0,169000.0,2LDK,40.66,0.0,東京メトロ丸ノ内線,方南町,4,,,
ウイング大森南,東京都大田区大森南５丁目,京急空港線 穴守稲荷駅 徒歩18分、京急空港線 大鳥居駅 徒歩19分,35,11,108000.0,17000.0,0.0,0.0,2LDK,52.47,0.0,京急空港線,穴守稲荷,18,京急空港線,大鳥居,19
Ｋｏｌｅｔ葛飾西水元＃０６,東京都葛飾区西水元１丁目,ＪＲ常磐線 金町駅 徒歩34分,1,2,198000.0,0.0,198000.0,198000.0,3LDK,87.77,0.0,ＪＲ常磐線,金町,34,,,
プレディアコート森下テラス,東京都墨田区千歳１丁目,ＪＲ総武線 両国駅 徒歩9分、都営新宿線 森下駅 徒歩10分,1,9,110000.0,10000.0,110000.0,0.0,2K,26.25,0.0,ＪＲ総武線,両国,9,都営新宿線,森下,10
Ｌａ　Ｄｏｕｃｅｕｒ志茂,東京都北区志茂５丁目,東京メトロ南北線 志茂駅 徒歩10分,2,8,184000.0,15000.0,184000.0,0.0,2LDK,55.86,0.0,東京メトロ南北線,志茂,10,,,
LIBR GRANT 四谷三丁目,東京都新宿区四谷４丁目,東京メトロ丸ノ内線 四谷三丁目駅 徒歩3分、都営新宿線 曙橋駅 徒歩8分,0,5,131000.0,8000.0,131000.0,131000.0,2K,25.05,0.0,東京メトロ丸ノ内線,四谷三丁目,3,都営新宿線,曙橋,8
ライオンズマンション練馬,東京都練馬区練馬３丁目,西武池袋線 練馬駅 徒歩6分、都営大江戸線 練馬駅 徒歩8分,37,14,105000.0,0.0,105000.0,0.0,2DK,44.1,0.0,西武池袋線,練馬,6,都営大江戸線,練馬,8
ウェルスクエア武蔵小山,東京都品川区荏原４丁目,東急目黒線 武蔵小山駅 徒歩7分、東急目黒線 西小山駅 徒歩11分,0,4,192000.0,12000.0,192000.0,192000.0,2LDK,43.4,0.0,東急目黒線,武蔵小山,7,東急目黒線,西小山,11
アルデア鷺宮,東京都中野区鷺宮４丁目,西武新宿線 鷺ノ宮駅 徒歩7分、西武新宿線 都立家政駅 徒歩14分,4,3,116000.0,4000.0,0.0,0.0,2K,40.14,25000.0,西武新宿線,鷺ノ宮,7,西武新宿線,都立家政,14
足立区島根戸建,東京都足立区島根２丁目,東武伊勢崎線 梅島駅 徒歩19分、東京メトロ日比谷線 北千住駅 バス10分 島根町下車 徒歩1分,49,2,119500.0,0.0,119000.0,0.0,2LDK,49.77,88000.0,東武伊勢崎線,梅島,19,,,
エクセルシオール大森,東京都大田区大森西１丁目,京急本線 大森町駅 徒歩16分、京急本線 平和島駅 徒歩17分,26,6,110000.0,10000.0,0.0,110000.0,2DK,44.82,0.0,京急本線,大森町,16,京急本線,平和島,17
ヴェルドール芳花園,東京都大田区仲池上１丁目,都営浅草線 西馬込駅 徒歩10分、都営浅草線 馬込駅 徒歩22分,35,6,90000.0,7000.0,0.0,0.0,2DK,38.38,0.0,都営浅草線,西馬込,10,都営浅草線,馬込,22
永島ビル,東京都大田区西蒲田７丁目,東急池上線 蓮沼駅 徒歩5分、ＪＲ京浜東北・根岸線 蒲田駅 徒歩7分,40,6,81000.0,2000.0,0.0,0.0,2DK,34.05,0.0,東急池上線,蓮沼,5,ＪＲ京浜東北・根岸線,蒲田,7
Ｋｏｌｅｔ足立江北＃０４,東京都足立区江北４丁目,日暮里舎人ライナー 江北駅 徒歩10分,0,3,196000.0,0.0,196000.0,196000.0,3LDK,72.08,0.0,日暮里舎人ライナー,江北,10,,,
メジロテーク,東京都豊島区目白５丁目,西武池袋線 椎名町駅 徒歩3分、ＪＲ山手線 目白駅 徒歩17分,21,4,160000.0,10000.0,160000.0,160000.0,2LDK,53.0,0.0,西武池袋線,椎名町,3,ＪＲ山手線,目白,17
ウェルスクエア南大塚,東京都豊島区南大塚２丁目,ＪＲ山手線 大塚駅 徒歩7分、東京メトロ丸ノ内線 新大塚駅 徒歩6分,0,5,174000.0,12000.0,174000.0,174000.0,2LDK,40.59,0.0,ＪＲ山手線,大塚,7,東京メトロ丸ノ内線,新大塚,6
エクセル５１８Ｂ棟,東京都大田区西蒲田５丁目,ＪＲ京浜東北・根岸線 蒲田駅 徒歩5分、東急池上線 蓮沼駅 徒歩10分,33,2,85000.0,3000.0,0.0,0.0,2DK,37.26,0.0,ＪＲ京浜東北・根岸線,蒲田,5,東急池上線,蓮沼,10
レジディア葛西,東京都江戸川区南葛西３丁目,東京メトロ東西線 葛西駅 徒歩21分、ＪＲ京葉線 葛西臨海公園駅 徒歩22分,23,7,149000.0,10000.0,149000.0,149000.0,3LDK,72.0,0.0,東京メトロ東西線,葛西,21,ＪＲ京葉線,葛西臨海公園,22
パークアクシス錦糸町・親水公園,東京都墨田区亀沢４丁目,ＪＲ総武線 錦糸町駅 徒歩10分、東京メトロ半蔵門線 錦糸町駅 徒歩12分,11,7,197000.0,15000.0,197000.0,197000.0,2LDK,50.5,0.0,ＪＲ総武線,錦糸町,10,東京メトロ半蔵門線,錦糸町,12
パークアクシス滝野川,東京都北区滝野川３丁目,都営三田線 西巣鴨駅 徒歩10分、ＪＲ埼京線 板橋駅 徒歩14分,16,7,198000.0,10000.0,198000.0,198000.0,2LDK,53.5,0.0,都営三田線,西巣鴨,10,ＪＲ埼京線,板橋,14
コーポハーベスト,東京都江戸川区船堀,都営新宿線 船堀駅 徒歩3分,26,3,84000.0,3000.0,84000.0,0.0,2DK,38.88,0.0,都営新宿線,船堀,3,,,
エステートピア・ｕ８号棟,東京都練馬区石神井台２丁目,西武池袋線 石神井公園駅 バス5分 石神井団地入口下車 徒歩19分、ＪＲ中央線 吉祥寺駅 バス27分 石神井団地入口下車 徒歩4分,26,2,82000.0,5000.0,0.0,0.0,2DK,44.71,0.0,,,,,,
東矢口APARTMENT,東京都大田区東矢口１丁目,東急池上線 蓮沼駅 徒歩6分、東急池上線 池上駅 徒歩9分,44,2,115000.0,0.0,115000.0,0.0,2DK,41.31,88000.0,東急池上線,蓮沼,6,東急池上線,池上,9
Ｋｏｌｅｔ高野,東京都足立区江北１丁目,日暮里舎人ライナー 高野駅 徒歩10分,0,3,202000.0,0.0,202000.0,202000.0,2SLDK,81.46,0.0,日暮里舎人ライナー,高野,10,,,
Ｋｏｌｅｔお花茶屋＃０４,東京都葛飾区東堀切３丁目,京成本線 お花茶屋駅 徒歩12分,0,3,217000.0,0.0,217000.0,217000.0,2SLDK,81.14,0.0,京成本線,お花茶屋,12,,,
Ｋｏｌｅｔ竹ノ塚＃０７,東京都足立区西保木間１丁目,東武伊勢崎線 竹ノ塚駅 徒歩16分,0,3,202000.0,0.0,202000.0,202000.0,2SLDK,73.78,0.0,東武伊勢崎線,竹ノ塚,16,,,
Ｋｏｌｅｔ足立新田,東京都足立区新田２丁目,東京メトロ南北線 王子神谷駅 徒歩22分,0,3,199000.0,0.0,199000.0,199000.0,2SLDK,79.53,0.0,東京メトロ南北線,王子神谷,22,,,
Ｋｏｌｅｔ梅島＃１４,東京都足立区梅田６丁目,東武伊勢崎線 梅島駅 徒歩10分,0,3,204000.0,0.0,204000.0,204000.0,2SLDK,75.04,0.0,東武伊勢崎線,梅島,10,,,
Ｋｏｌｅｔ葛飾奥戸,東京都葛飾区奥戸６丁目,ＪＲ総武線 小岩駅 徒歩20分,0,3,210000.0,0.0,210000.0,210000.0,2SLDK,77.62,0.0,ＪＲ総武線,小岩,20,,,
リーフコート東六郷,東京都大田区東六郷１丁目,京急本線 雑色駅 徒歩7分、京急空港線 糀谷駅 徒歩13分,35,3,90000.0,3000.0,90000.0,0.0,2K,41.0,0.0,京急本線,雑色,7,京急空港線,糀谷,13
Ｋｏｌｅｔ舎人公園＃０４,東京都足立区皿沼１丁目,日暮里舎人ライナー 舎人公園駅 徒歩13分,1,3,209000.0,0.0,209000.0,209000.0,2SLDK,95.62,0.0,日暮里舎人ライナー,舎人公園,13,,,
Ｋｏｌｅｔ大師前,東京都足立区西新井３丁目,東武伊勢崎線 西新井駅 徒歩24分、日暮里舎人ライナー 谷在家駅 徒歩16分,1,3,209000.0,0.0,209000.0,0.0,2SLDK,95.98,0.0,東武伊勢崎線,西新井,24,日暮里舎人ライナー,谷在家,16
コスモグラシア三ノ輪,東京都台東区竜泉２丁目,東京メトロ日比谷線 三ノ輪駅 徒歩6分,1,14,154000.0,15000.0,0.0,0.0,2DK,40.02,0.0,東京メトロ日比谷線,三ノ輪,6,,,
アビタシオンクレール,東京都大田区西糀谷１丁目,京急本線 京急蒲田駅 徒歩13分、京急空港線 糀谷駅 徒歩11分,31,7,140000.0,10000.0,0.0,0.0,2SDK,49.5,0.0,京急本線,京急蒲田,13,京急空港線,糀谷,11
興野一丁目戸建て,東京都足立区興野１丁目,東武大師線 西新井駅 徒歩16分、東武伊勢崎線 梅島駅 徒歩20分,30,3,128000.0,2000.0,128000.0,0.0,4DK,78.41,0.0,東武大師線,西新井,16,東武伊勢崎線,梅島,20
メゾンシルク,東京都大田区南馬込５丁目,都営浅草線 西馬込駅 徒歩3分、都営浅草線 馬込駅 徒歩14分,30,2,92000.0,3000.0,92000.0,92000.0,2K,38.2,0.0,都営浅草線,西馬込,3,都営浅草線,馬込,14
サンハイツ,東京都大田区仲六郷２丁目,京急本線 雑色駅 徒歩5分、京急本線 六郷土手駅 徒歩17分,27,2,85000.0,0.0,85000.0,0.0,2K,40.36,0.0,京急本線,雑色,5,京急本線,六郷土手,17
Ｋｏｌｅｔ大師前＃０６,東京都足立区西新井本町３丁目,東武大師線 大師前駅 徒歩8分,0,3,204000.0,0.0,204000.0,204000.0,2SLDK,70.27,0.0,東武大師線,大師前,8,,,
ＳＹＦＯＲＭＥ亀戸,東京都江東区亀戸６丁目,ＪＲ総武線 亀戸駅 徒歩5分、東武亀戸線 亀戸駅 徒歩5分,1,14,106000.0,10000.0,0.0,0.0,2K,25.4,0.0,ＪＲ総武線,亀戸,5,東武亀戸線,亀戸,5
Ｋｏｌｅｔ梅島＃１３,東京都足立区梅田６丁目,東武伊勢崎線 梅島駅 徒歩10分,0,3,194000.0,0.0,194000.0,194000.0,2SLDK,70.18,0.0,東武伊勢崎線,梅島,10,,,
Ｋｏｌｅｔお花茶屋＃０３,東京都葛飾区東堀切３丁目,京成本線 お花茶屋駅 徒歩12分,0,3,212000.0,0.0,212000.0,212000.0,2SLDK,74.93,0.0,京成本線,お花茶屋,12,,,
Ｋｏｌｅｔ大師前＃０５,東京都足立区西新井本町３丁目,東武大師線 大師前駅 徒歩8分,0,3,204000.0,0.0,204000.0,204000.0,2SLDK,70.27,0.0,東武大師線,大師前,8,,,
シーズンフラッツ根岸,東京都台東区根岸５丁目,東京メトロ日比谷線 三ノ輪駅 徒歩1分、都電荒川線 三ノ輪橋駅 徒歩3分,1,15,202000.0,15000.0,202000.0,0.0,2LDK,51.89,0.0,東京メトロ日比谷線,三ノ輪,1,都電荒川線,三ノ輪橋,3
サンフラット下馬,東京都世田谷区下馬３丁目,東急田園都市線 三軒茶屋駅 徒歩16分、東急東横線 学芸大学駅 徒歩18分,31,3,210000.0,5000.0,331000.0,0.0,2LDK,78.72,0.0,東急田園都市線,三軒茶屋,16,東急東横線,学芸大学,18
Ｋｏｌｅｔ葛飾奥戸＃０２,東京都葛飾区奥戸６丁目,ＪＲ総武線 小岩駅 徒歩20分,0,3,201000.0,0.0,201000.0,201000.0,2SLDK,75.66,0.0,ＪＲ総武線,小岩,20,,,
Ｋｏｌｅｔ足立平野,東京都足立区平野３丁目,つくばエクスプレス 六町駅 徒歩17分,0,3,215000.0,0.0,215000.0,215000.0,2SLDK,80.8,0.0,つくばエクスプレス,六町,17,,,
Ｋｏｌｅｔ青砥＃０４,東京都葛飾区青戸７丁目,京成押上線 青砥駅 徒歩12分,0,3,198000.0,0.0,198000.0,198000.0,2SLDK,70.37,0.0,京成押上線,青砥,12,,,
Ｋｏｌｅｔ青砥＃０５,東京都葛飾区青戸７丁目,京成押上線 青砥駅 徒歩12分,0,3,198000.0,0.0,198000.0,198000.0,2SLDK,70.37,0.0,京成押上線,青砥,12,,,
Ｋｏｌｅｔ青砥＃０６,東京都葛飾区青戸７丁目,京成押上線 青砥駅 徒歩12分,0,3,198000.0,0.0,198000.0,198000.0,2SLDK,70.16,0.0,京成押上線,青砥,12,,,
Ｋｏｌｅｔ舎人公園＃０３,東京都足立区皿沼１丁目,日暮里舎人ライナー 舎人公園駅 徒歩13分,1,3,209000.0,0.0,209000.0,209000.0,3SLDK,98.74,0.0,日暮里舎人ライナー,舎人公園,13,,,
Ｋｏｌｅｔ足立佐野,東京都足立区佐野２丁目,東京メトロ千代田線 北綾瀬駅 徒歩22分,0,2,203000.0,0.0,203000.0,203000.0,3SLDK,90.25,0.0,東京メトロ千代田線,北綾瀬,22,,,
ブルックス,東京都板橋区本町,都営三田線 板橋本町駅 徒歩3分,29,7,105000.0,5000.0,0.0,0.0,2DK,40.0,0.0,都営三田線,板橋本町,3,,,
ビエラコート綾瀬,東京都足立区綾瀬３丁目,ＪＲ常磐線 綾瀬駅 徒歩8分,32,6,141000.0,12000.0,141000.0,141000.0,3LDK,77.26,0.0,ＪＲ常磐線,綾瀬,8,,,
綾東ヴィレッジ弐番館,東京都足立区綾瀬６丁目,東京メトロ千代田線 綾瀬駅 徒歩11分、つくばエクスプレス 青井駅 徒歩7分,32,6,137000.0,15000.0,137000.0,0.0,2LDK,66.01,0.0,東京メトロ千代田線,綾瀬,11,つくばエクスプレス,青井,7
小山ハイツ（弥生町）,東京都中野区弥生町１丁目,東京メトロ丸ノ内線 中野坂上駅 徒歩9分、都営大江戸線 西新宿五丁目駅 徒歩6分,32,3,110000.0,0.0,110000.0,110000.0,2DK,50.1,88000.0,東京メトロ丸ノ内線,中野坂上,9,都営大江戸線,西新宿五丁目,6
Ｋｏｌｅｔ堀切菖蒲園＃０６,東京都葛飾区堀切２丁目,京成本線 堀切菖蒲園駅 徒歩6分,0,3,194000.0,0.0,194000.0,194000.0,2SLDK,70.55,0.0,京成本線,堀切菖蒲園,6,,,
小梅マンション,東京都練馬区桜台４丁目,西武池袋線 桜台駅 徒歩2分、西武有楽町線 新桜台駅 徒歩10分,48,4,72000.0,3000.0,72000.0,0.0,2K,30.0,0.0,西武池袋線,桜台,2,西武有楽町線,新桜台,10
ライオンズ多摩川レジデンス,東京都大田区本羽田１丁目,京急空港線 糀谷駅 徒歩14分、京急本線 雑色駅 徒歩18分,11,10,158000.0,0.0,158000.0,158000.0,3LDK,75.95,0.0,京急空港線,糀谷,14,京急本線,雑色,18
イーストコア曳舟一番館,東京都墨田区京島１丁目,東武伊勢崎線 曳舟駅 徒歩2分、京成押上線 京成曳舟駅 徒歩5分,15,20,200000.0,10000.0,200000.0,400000.0,2LDK,52.68,88000.0,東武伊勢崎線,曳舟,2,京成押上線,京成曳舟,5
Plendy東砂,東京都江東区東砂５丁目,都営新宿線 東大島駅 徒歩20分、東京メトロ東西線 南砂町駅 徒歩24分,35,5,78000.0,3000.0,0.0,0.0,2K,30.18,0.0,都営新宿線,東大島,20,東京メトロ東西線,南砂町,24
エクセル５１８Ａ棟,東京都大田区西蒲田５丁目,ＪＲ京浜東北・根岸線 蒲田駅 徒歩5分、東急池上線 蓮沼駅 徒歩8分,33,2,85000.0,3000.0,0.0,0.0,2DK,37.26,0.0,ＪＲ京浜東北・根岸線,蒲田,5,東急池上線,蓮沼,8
アーベンライフ中葛西,東京都江戸川区中葛西,東京メトロ東西線 葛西駅 徒歩7分,36,4,90000.0,5000.0,90000.0,0.0,2DK,42.52,0.0,東京メトロ東西線,葛西,7,,,
佐野マンション,東京都大田区久が原２丁目,都営浅草線 西馬込駅 徒歩15分、東急池上線 久が原駅 徒歩17分,52,4,64000.0,2000.0,64000.0,0.0,2K,30.0,0.0,都営浅草線,西馬込,15,東急池上線,久が原,17
アデナ西蒲田,東京都大田区西蒲田４丁目,東急池上線 蓮沼駅 徒歩12分、ＪＲ京浜東北・根岸線 蒲田駅 徒歩13分,32,3,92000.0,5000.0,92000.0,92000.0,2DK,36.97,0.0,東急池上線,蓮沼,12,ＪＲ京浜東北・根岸線,蒲田,13
駿河ビル,東京都世田谷区中町４丁目,東急大井町線 上野毛駅 徒歩12分、東急田園都市線 用賀駅 徒歩16分,29,4,110000.0,5000.0,110000.0,0.0,2DK,38.0,0.0,東急大井町線,上野毛,12,東急田園都市線,用賀,16
けやき通り北八番館,東京都荒川区南千住８丁目,東京メトロ日比谷線 南千住駅 徒歩16分、東京メトロ日比谷線 南千住駅 バス7分 汐入公園前下車 徒歩1分,31,10,110000.0,0.0,110000.0,0.0,2DK,49.39,0.0,東京メトロ日比谷線,南千住,16,,,
わなかハイツB棟,東京都練馬区桜台５丁目,西武池袋線 桜台駅 徒歩12分、西武有楽町線 練馬駅 徒歩13分,32,2,96000.0,2000.0,0.0,0.0,2DK,39.74,0.0,西武池袋線,桜台,12,西武有楽町線,練馬,13
ドゥーエ大鳥居WEST,東京都大田区西糀谷２丁目,京急空港線 大鳥居駅 徒歩9分,2,5,106000.0,8000.0,106000.0,106000.0,2K,25.61,0.0,京急空港線,大鳥居,9,,,
ＫＤＸレジデンス上北沢,東京都世田谷区上北沢４丁目,京王線 上北沢駅 徒歩6分、京王線 八幡山駅 徒歩7分,21,10,160000.0,10000.0,160000.0,160000.0,2LDK,50.53,0.0,京王線,上北沢,6,京王線,八幡山,7
Ｋｏｌｅｔ西新井四丁目,東京都足立区西新井４丁目,日暮里舎人ライナー 谷在家駅 徒歩5分,1,3,217000.0,0.0,217000.0,217000.0,2SLDK,82.21,0.0,日暮里舎人ライナー,谷在家,5,,,
南大泉シティタワー,東京都練馬区南大泉４丁目,西武池袋線 保谷駅 徒歩4分,33,14,108000.0,0.0,108000.0,108000.0,2DK,60.06,0.0,西武池袋線,保谷,4,,,
エミリブ練馬,東京都練馬区豊玉北５丁目,西武池袋線 練馬駅 徒歩4分、都営大江戸線 練馬駅 徒歩4分,8,14,173000.0,12000.0,173000.0,173000.0,2LDK,50.91,0.0,西武池袋線,練馬,4,都営大江戸線,練馬,4
ウェルスクエアイズム上北沢,東京都世田谷区上北沢５丁目,京王線 上北沢駅 徒歩6分、京王線 八幡山駅 徒歩9分,2,4,159000.0,10000.0,159000.0,0.0,2LDK,41.48,0.0,京王線,上北沢,6,京王線,八幡山,9
リバーパーク大森,東京都大田区大森南２丁目,京急空港線 大鳥居駅 徒歩17分、京急本線 梅屋敷駅 徒歩22分,38,3,131000.0,5000.0,0.0,0.0,3SDK,67.62,0.0,京急空港線,大鳥居,17,京急本線,梅屋敷,22
スペーシア池上,東京都大田区池上,東急池上線 池上駅 徒歩5分,29,7,139000.0,8000.0,0.0,0.0,2DK,51.3,0.0,東急池上線,池上,5,,,
テラス明和A,東京都世田谷区深沢,東急大井町線 等々力駅 徒歩15分、東急田園都市線 桜新町駅 徒歩24分,34,2,155000.0,0.0,155000.0,0.0,2LDK,57.85,0.0,東急大井町線,等々力,15,東急田園都市線,桜新町,24
ル・サンク　アイリスタワー,東京都大田区蒲田３丁目,京急空港線 京急蒲田駅 徒歩2分、京急本線 梅屋敷駅 徒歩12分,18,20,200000.0,15000.0,200000.0,200000.0,2LDK,63.84,88000.0,京急空港線,京急蒲田,2,京急本線,梅屋敷,12
パーク・サイド関,東京都台東区上野桜木１丁目,東京メトロ千代田線 根津駅 徒歩8分、ＪＲ山手線 鶯谷駅 徒歩10分,36,3,145000.0,5000.0,145000.0,145000.0,2DK,38.8,0.0,東京メトロ千代田線,根津,8,ＪＲ山手線,鶯谷,10
シャンクレール桜新町,東京都世田谷区桜新町２丁目,東急田園都市線 桜新町駅 徒歩8分、東急田園都市線 用賀駅 徒歩11分,21,4,190000.0,11000.0,190000.0,190000.0,2LDK,60.1,88000.0,東急田園都市線,桜新町,8,東急田園都市線,用賀,11
ドルメン五反田,東京都品川区西五反田６丁目,東急池上線 戸越銀座駅 徒歩9分、ＪＲ山手線 五反田駅 徒歩12分,42,10,122000.0,0.0,122000.0,122000.0,2DK,41.39,0.0,東急池上線,戸越銀座,9,ＪＲ山手線,五反田,12
アムス桜丘,東京都世田谷区桜丘５丁目,小田急小田原線 千歳船橋駅 徒歩8分、小田急小田原線 祖師ヶ谷大蔵駅 徒歩13分,45,5,69000.0,5000.0,0.0,0.0,2K,31.08,0.0,小田急小田原線,千歳船橋,8,小田急小田原線,祖師ヶ谷大蔵,13
プロト大岡山Ⅱ,東京都目黒区南３丁目,東急大井町線 大岡山駅 徒歩9分、東急目黒線 洗足駅 徒歩11分,4,3,149000.0,15000.0,0.0,0.0,2K,41.23,0.0,東急大井町線,大岡山,9,東急目黒線,洗足,11
GSハイム荏原,東京都品川区中延６丁目,都営浅草線 中延駅 徒歩2分、東急大井町線 中延駅 徒歩5分,44,8,86000.0,10000.0,0.0,86000.0,2K,33.48,0.0,都営浅草線,中延,2,東急大井町線,中延,5
ドミール四ツ木,東京都葛飾区東四つ木４丁目,京成押上線 四ツ木駅 徒歩6分、京成押上線 京成立石駅 徒歩15分,34,5,123000.0,7000.0,123000.0,0.0,3DK,52.8,0.0,京成押上線,四ツ木,6,京成押上線,京成立石,15
サンクォーレタワー,東京都中野区中野４丁目,ＪＲ中央線 中野駅 徒歩5分、東京メトロ東西線 中野駅 徒歩5分,29,26,220000.0,0.0,220000.0,220000.0,2LDK,60.53,88000.0,ＪＲ中央線,中野,5,東京メトロ東西線,中野,5
ライオンズヴィアーレ竹の塚,東京都足立区東伊興３丁目,東武伊勢崎線 竹ノ塚駅 徒歩11分,26,10,139000.0,11000.0,139000.0,139000.0,3LDK,71.26,88000.0,東武伊勢崎線,竹ノ塚,11,,,
プレール・ドゥーク芝浦,東京都港区海岸３丁目,ＪＲ山手線 田町駅 徒歩15分、新交通ゆりかもめ 芝浦ふ頭駅 徒歩2分,4,13,210000.0,10000.0,0.0,210000.0,2LDK,51.84,88000.0,ＪＲ山手線,田町,15,新交通ゆりかもめ,芝浦ふ頭,2
ルネ・ビバリー２,東京都大田区下丸子２丁目,東急多摩川線 武蔵新田駅 徒歩6分、東急多摩川線 下丸子駅 徒歩6分,34,3,87000.0,3000.0,87000.0,87000.0,2DK,39.15,0.0,東急多摩川線,武蔵新田,6,東急多摩川線,下丸子,6
トーシンハイツ西葛西,東京都江戸川区西葛西７丁目,東京メトロ東西線 西葛西駅 徒歩10分、ＪＲ京葉線 葛西臨海公園駅 バス15分 第七葛西小学校前下車 徒歩2分,36,3,76000.0,3000.0,76000.0,0.0,2K,32.4,0.0,東京メトロ東西線,西葛西,10,,,
クレールメゾン左門町,東京都新宿区左門町,東京メトロ丸ノ内線 四谷三丁目駅 徒歩6分,36,4,175000.0,0.0,175000.0,175000.0,2LDK,46.24,88000.0,東京メトロ丸ノ内線,四谷三丁目,6,,,
ＢｅＣｏｍｆｏｒｔＶｉｌｌａｇｅ,東京都杉並区松ノ木１丁目,京王井の頭線 永福町駅 徒歩17分、東京メトロ丸ノ内線 新高円寺駅 徒歩20分,21,2,113000.0,2000.0,113000.0,113000.0,2DK,47.2,88000.0,京王井の頭線,永福町,17,東京メトロ丸ノ内線,新高円寺,20
ジェノヴィア南千住Ⅲスカイガーデン,東京都台東区清川２丁目,ＪＲ常磐線 南千住駅 徒歩9分、東京メトロ日比谷線 南千住駅 徒歩13分,1,12,141000.0,15000.0,0.0,0.0,2LDK,41.08,0.0,ＪＲ常磐線,南千住,9,東京メトロ日比谷線,南千住,13
らいとあっぷ,東京都練馬区南大泉３丁目,西武池袋線 保谷駅 徒歩10分,26,2,150000.0,0.0,150000.0,0.0,3LDK,75.48,0.0,西武池袋線,保谷,10,,,
アドリーム上原,東京都渋谷区上原３丁目,小田急小田原線 代々木上原駅 徒歩8分、小田急小田原線 東北沢駅 徒歩8分,30,3,133000.0,5000.0,133000.0,67000.0,2DK,45.47,88000.0,小田急小田原線,代々木上原,8,小田急小田原線,東北沢,8
リリエンベルグ壱番館,東京都板橋区板橋１丁目,ＪＲ埼京線 板橋駅 徒歩2分、都営三田線 新板橋駅 徒歩5分,27,9,92000.0,7000.0,92000.0,92000.0,2K,37.15,38000.0,ＪＲ埼京線,板橋,2,都営三田線,新板橋,5
カシータ,東京都杉並区浜田山３丁目,京王井の頭線 浜田山駅 徒歩7分、京王井の頭線 西永福駅 徒歩7分,37,2,218000.0,0.0,218000.0,0.0,3SLDK,105.99,0.0,京王井の頭線,浜田山,7,京王井の頭線,西永福,7
AGRATIO品川大井,東京都品川区大井３丁目,ＪＲ京浜東北・根岸線 大井町駅 徒歩10分、ＪＲ横須賀線 西大井駅 徒歩11分,0,4,201000.0,15000.0,0.0,201000.0,3DK,50.43,0.0,ＪＲ京浜東北・根岸線,大井町,10,ＪＲ横須賀線,西大井,11
南馬込ハイツ A,東京都大田区南馬込６丁目,都営浅草線 西馬込駅 徒歩10分、都営浅草線 馬込駅 徒歩20分,36,2,65000.0,0.0,0.0,0.0,2K,29.8,0.0,都営浅草線,西馬込,10,都営浅草線,馬込,20
ラグーナ東池袋,東京都豊島区東池袋２丁目,ＪＲ山手線 池袋駅 徒歩9分,26,12,182000.0,6000.0,182000.0,218000.0,2LDK,66.83,88000.0,ＪＲ山手線,池袋,9,,,
コーポ司,東京都江戸川区西瑞江３丁目,都営新宿線 一之江駅 徒歩11分、都営新宿線 瑞江駅 徒歩13分,22,2,76000.0,3000.0,0.0,0.0,2DK,34.78,0.0,都営新宿線,一之江,11,都営新宿線,瑞江,13
サンファスト小松川,東京都江戸川区西小松川町,都営新宿線 船堀駅 徒歩21分、都営新宿線 一之江駅 徒歩31分,38,4,115000.0,5000.0,0.0,0.0,3SDK,48.75,0.0,都営新宿線,船堀,21,都営新宿線,一之江,31
千草荘,東京都足立区柳原,東武伊勢崎線 牛田駅 徒歩6分,48,2,70000.0,3000.0,0.0,0.0,2K,34.9,0.0,東武伊勢崎線,牛田,6,,,
SYFORME OJIⅡ,東京都北区豊島１丁目,ＪＲ京浜東北・根岸線 王子駅 徒歩9分、東京メトロ南北線 王子駅 徒歩6分,0,14,106000.0,10000.0,0.0,0.0,2K,25.62,0.0,ＪＲ京浜東北・根岸線,王子,9,東京メトロ南北線,王子,6
星山ビル,東京都大田区大森北１丁目,ＪＲ京浜東北・根岸線 大森駅 徒歩5分、京急本線 大森海岸駅 徒歩12分,45,5,85000.0,2000.0,85000.0,85000.0,2DK,40.27,0.0,ＪＲ京浜東北・根岸線,大森,5,京急本線,大森海岸,12
グランドメゾン田町,東京都港区芝浦２丁目,ＪＲ山手線 田町駅 徒歩10分、新交通ゆりかもめ 芝浦ふ頭駅 徒歩10分,40,14,195000.0,0.0,195000.0,195000.0,2DK,51.41,88000.0,ＪＲ山手線,田町,10,新交通ゆりかもめ,芝浦ふ頭,10
わなかハイツA棟,東京都練馬区桜台５丁目,西武池袋線 桜台駅 徒歩12分、都営大江戸線 練馬駅 徒歩12分,33,2,96000.0,2000.0,0.0,0.0,2DK,39.74,0.0,西武池袋線,桜台,12,都営大江戸線,練馬,12
大泉学園町五丁目戸建,東京都練馬区大泉学園町５丁目,西武池袋線 大泉学園駅 バス8分 大泉郵便局下車 徒歩9分、西武池袋線 大泉学園駅 徒歩28分,57,2,85000.0,0.0,85000.0,0.0,2LDK,46.91,0.0,分、西武池袋線,大泉学園,28,,,
グランセピア日暮里,東京都荒川区東日暮里６丁目,ＪＲ常磐線 三河島駅 徒歩4分、ＪＲ山手線 日暮里駅 徒歩9分,34,8,122000.0,14000.0,122000.0,122000.0,2DK,44.2,0.0,ＪＲ常磐線,三河島,4,ＪＲ山手線,日暮里,9
エスト・メール東大井,東京都品川区東大井６丁目,ＪＲ京浜東北・根岸線 大井町駅 徒歩5分、京急本線 鮫洲駅 徒歩12分,34,6,144000.0,15000.0,144000.0,144000.0,2DK,44.0,88000.0,ＪＲ京浜東北・根岸線,大井町,5,京急本線,鮫洲,12
グランピエール,東京都大田区本羽田２丁目,京急空港線 糀谷駅 徒歩9分、京急空港線 大鳥居駅 徒歩18分,30,6,160000.0,10000.0,160000.0,160000.0,2LDK,56.07,88000.0,京急空港線,糀谷,9,京急空港線,大鳥居,18
ユーコート白山,東京都文京区白山２丁目,都営三田線 白山駅 徒歩10分、東京メトロ丸ノ内線 茗荷谷駅 徒歩10分,38,5,195000.0,5000.0,195000.0,0.0,2LDK,51.91,88000.0,都営三田線,白山,10,東京メトロ丸ノ内線,茗荷谷,10
アーデンハウス,東京都世田谷区船橋４丁目,小田急小田原線 千歳船橋駅 徒歩15分、京王線 八幡山駅 徒歩23分,36,5,105000.0,5000.0,0.0,0.0,2DK,41.52,0.0,小田急小田原線,千歳船橋,15,京王線,八幡山,23
三園さえぐさマンション,東京都板橋区三園１丁目,都営三田線 西高島平駅 徒歩5分、東武東上線 成増駅 徒歩25分,32,4,72000.0,3000.0,72000.0,0.0,2K,31.3,0.0,都営三田線,西高島平,5,東武東上線,成増,25
バウスステージ練馬豊玉,東京都練馬区豊玉中３丁目,都営大江戸線 練馬駅 徒歩8分、西武池袋線 練馬駅 徒歩9分,0,5,188000.0,20000.0,188000.0,0.0,2SLDK,51.55,88000.0,都営大江戸線,練馬,8,西武池袋線,練馬,9
イーハトーヴ・ムトー,東京都北区東十条,ＪＲ京浜東北・根岸線 東十条駅 徒歩4分、ＪＲ埼京線 十条駅 徒歩10分,34,6,116000.0,7000.0,116000.0,116000.0,2LDK,46.62,0.0,ＪＲ京浜東北・根岸線,東十条,4,ＪＲ埼京線,十条,10
NDハイム5,東京都世田谷区鎌田,東急田園都市線 二子玉川駅 徒歩20分、東急大井町線 二子玉川駅 徒歩20分,37,4,93000.0,5000.0,93000.0,93000.0,2DK,38.67,0.0,東急田園都市線,二子玉川,20,東急大井町線,二子玉川,20
田中マンション,東京都中野区中野３丁目,ＪＲ中央線 中野駅 徒歩5分、東京メトロ丸ノ内線 東高円寺駅 徒歩10分,56,3,107000.0,3000.0,107000.0,107000.0,2K,32.4,0.0,ＪＲ中央線,中野,5,東京メトロ丸ノ内線,東高円寺,10
ＫＤＸレジデンス本蓮沼,東京都板橋区蓮沼町,都営三田線 本蓮沼駅 徒歩2分,0,14,175000.0,15000.0,175000.0,175000.0,2LDK,55.45,0.0,都営三田線,本蓮沼,2,,,
プレジール葛飾宝町,東京都葛飾区宝町１丁目,京成本線 お花茶屋駅 徒歩6分、京成押上線 京成立石駅 徒歩20分,35,3,65000.0,5000.0,0.0,0.0,2DK,37.21,71500.0,京成本線,お花茶屋,6,京成押上線,京成立石,20
ライオンズマンション東陽町第３,東京都江東区南砂２丁目,東京メトロ東西線 東陽町駅 徒歩6分、東京メトロ東西線 南砂町駅 徒歩7分,37,12,188000.0,10000.0,188000.0,188000.0,3LDK,62.44,88000.0,東京メトロ東西線,東陽町,6,東京メトロ東西線,南砂町,7
南馬込ハイツ B,東京都大田区南馬込６丁目,都営浅草線 西馬込駅 徒歩10分、都営浅草線 馬込駅 徒歩21分,36,2,70000.0,0.0,70000.0,0.0,2K,29.8,0.0,都営浅草線,西馬込,10,都営浅草線,馬込,21
ヴィラ・サンベルナール新宿,東京都新宿区新宿７丁目,都営大江戸線 東新宿駅 徒歩7分、ＪＲ山手線 新大久保駅 徒歩18分,38,5,97000.0,5000.0,97000.0,0.0,2DK,30.07,0.0,都営大江戸線,東新宿,7,ＪＲ山手線,新大久保,18
ウィル,東京都足立区保木間５丁目,東武伊勢崎線 竹ノ塚駅 徒歩20分、東武伊勢崎線 谷塚駅 徒歩25分,21,5,100000.0,5000.0,100000.0,0.0,2DK,50.13,0.0,東武伊勢崎線,竹ノ塚,20,東武伊勢崎線,谷塚,25
石神井台７丁目戸建,東京都練馬区石神井台７丁目,西武新宿線 武蔵関駅 徒歩9分,18,2,195000.0,10000.0,195000.0,195000.0,3SLDK,85.74,0.0,西武新宿線,武蔵関,9,,,
クリア砧公園,東京都世田谷区大蔵１丁目,小田急小田原線 成城学園前駅 バス8分 ＮＨＫ技術研究所下車 徒歩4分、東急田園都市線 二子玉川駅 バス16分 ＮＨＫ技術研究所下車 徒歩4分,29,5,137000.0,10000.0,137000.0,137000.0,2LDK,61.55,0.0,,,,,,
けやき通り北十番館,東京都荒川区南千住８丁目,東京メトロ日比谷線 南千住駅 徒歩18分、東京メトロ日比谷線 南千住駅 バス7分 汐入公園前下車 徒歩3分,26,5,180000.0,0.0,180000.0,0.0,3LDK,83.66,88000.0,東京メトロ日比谷線,南千住,18,,,
コンフィール日本橋アクアシティ,東京都中央区日本橋浜町３丁目,都営新宿線 浜町駅 徒歩5分、東京メトロ半蔵門線 水天宮前駅 徒歩8分,23,12,195000.0,15000.0,195000.0,195000.0,2LDK,54.83,88000.0,都営新宿線,浜町,5,東京メトロ半蔵門線,水天宮前,8
プラザ勝どき,東京都中央区勝どき１丁目,都営大江戸線 勝どき駅 徒歩4分、東京メトロ日比谷線 築地駅 徒歩14分,36,14,182000.0,16000.0,182000.0,0.0,2LDK,61.39,88000.0,都営大江戸線,勝どき,4,東京メトロ日比谷線,築地,14
パークキューブ本所吾妻橋,東京都墨田区本所４丁目,都営浅草線 本所吾妻橋駅 徒歩6分、ＪＲ総武線 錦糸町駅 徒歩20分,17,10,190000.0,15000.0,190000.0,190000.0,2LDK,55.49,0.0,都営浅草線,本所吾妻橋,6,ＪＲ総武線,錦糸町,20
パークアクシス新板橋ウエスト,東京都板橋区板橋４丁目,都営三田線 新板橋駅 徒歩2分、ＪＲ埼京線 板橋駅 徒歩8分,16,14,170000.0,10000.0,170000.0,170000.0,2DK,48.06,0.0,都営三田線,新板橋,2,ＪＲ埼京線,板橋,8
Palazzo del Sole,東京都江東区扇橋３丁目,東京メトロ半蔵門線 住吉駅 徒歩13分、都営新宿線 住吉駅 徒歩13分,43,5,80000.0,5000.0,80000.0,0.0,2DK,38.85,0.0,東京メトロ半蔵門線,住吉,13,都営新宿線,住吉,13
エピーメロン西瑞江,東京都江戸川区西瑞江３丁目,都営新宿線 一之江駅 徒歩12分、都営新宿線 瑞江駅 徒歩17分,29,2,78000.0,3000.0,78000.0,0.0,2DK,39.74,0.0,都営新宿線,一之江,12,都営新宿線,瑞江,17
サンモール鈴木,東京都杉並区和泉４丁目,東京メトロ丸ノ内線 方南町駅 徒歩2分,35,6,99000.0,9000.0,99000.0,99000.0,2K,39.6,0.0,東京メトロ丸ノ内線,方南町,2,,,
コスモ町屋リバーシティ,東京都荒川区町屋５丁目,東京メトロ千代田線 町屋駅 徒歩14分、都電荒川線 町屋駅前駅 徒歩14分,32,8,160000.0,5000.0,160000.0,160000.0,2LDK,71.55,88000.0,東京メトロ千代田線,町屋,14,都電荒川線,町屋駅前,14
タウンハウス池上,東京都大田区仲池上２丁目,都営浅草線 西馬込駅 徒歩7分、東急池上線 池上駅 徒歩15分,51,3,120000.0,0.0,120000.0,0.0,2LDK,48.86,0.0,都営浅草線,西馬込,7,東急池上線,池上,15
nido南千住,東京都荒川区南千住７丁目,ＪＲ常磐線 南千住駅 徒歩7分、東京メトロ日比谷線 南千住駅 徒歩8分,0,15,154000.0,20000.0,0.0,0.0,2LDK,45.06,0.0,ＪＲ常磐線,南千住,7,東京メトロ日比谷線,南千住,8
メゾンキャナリー,東京都足立区西伊興４丁目,東武伊勢崎線 竹ノ塚駅 徒歩15分、日暮里舎人ライナー 舎人公園駅 徒歩19分,50,2,63000.0,0.0,63000.0,0.0,2K,30.0,69300.0,東武伊勢崎線,竹ノ塚,15,日暮里舎人ライナー,舎人公園,19
松崎ビル,東京都大田区西蒲田６丁目,東急池上線 蓮沼駅 徒歩4分、ＪＲ京浜東北・根岸線 蒲田駅 徒歩9分,52,3,59000.0,2000.0,59000.0,59000.0,2K,28.5,0.0,東急池上線,蓮沼,4,ＪＲ京浜東北・根岸線,蒲田,9
グローリア初穂久が原,東京都大田区久が原２丁目,都営浅草線 西馬込駅 徒歩11分、東急池上線 久が原駅 徒歩17分,37,6,84000.0,5000.0,84000.0,84000.0,2DK,40.0,0.0,都営浅草線,西馬込,11,東急池上線,久が原,17
飯村ビル,東京都荒川区東尾久４丁目,ＪＲ山手線 田端駅 徒歩10分、日暮里舎人ライナー 赤土小学校前駅 徒歩4分,61,3,70000.0,0.0,70000.0,70000.0,2DK,35.47,0.0,ＪＲ山手線,田端,10,日暮里舎人ライナー,赤土小学校前,4
メゾン西ヶ原,東京都北区西ケ原３丁目,東京メトロ南北線 西ヶ原駅 徒歩6分、ＪＲ山手線 駒込駅 徒歩12分,30,6,85000.0,3000.0,85000.0,85000.0,2K,30.26,0.0,東京メトロ南北線,西ヶ原,6,ＪＲ山手線,駒込,12
ファシネス玉川台,東京都世田谷区玉川台２丁目,東急田園都市線 用賀駅 徒歩8分、東急田園都市線 二子玉川駅 徒歩18分,32,7,145000.0,9000.0,145000.0,145000.0,2LDK,53.99,88000.0,東急田園都市線,用賀,8,東急田園都市線,二子玉川,18
グリーンハイム平成,東京都足立区千住緑町２丁目,京成本線 千住大橋駅 徒歩8分,34,5,89000.0,14000.0,89000.0,89000.0,2LDK,46.6,0.0,京成本線,千住大橋,8,,,
南大塚戸建,東京都豊島区南大塚１丁目,東京メトロ丸ノ内線 新大塚駅 徒歩8分、ＪＲ山手線 大塚駅 徒歩13分,45,2,190000.0,0.0,190000.0,190000.0,2LDK,80.59,0.0,東京メトロ丸ノ内線,新大塚,8,ＪＲ山手線,大塚,13
パークグレース新宿,東京都新宿区西新宿４丁目,都営大江戸線 都庁前駅 徒歩7分、ＪＲ山手線 新宿駅 徒歩16分,44,14,161000.0,15000.0,161000.0,0.0,2LDK,53.07,0.0,都営大江戸線,都庁前,7,ＪＲ山手線,新宿,16
ステイツ青戸,東京都葛飾区青戸３丁目,京成本線 青砥駅 徒歩4分,35,10,75000.0,3000.0,75000.0,0.0,2K,39.0,0.0,京成本線,青砥,4,,,
アールコート南六郷,東京都大田区南六郷２丁目,京急本線 雑色駅 徒歩10分、京急空港線 糀谷駅 徒歩20分,27,4,125000.0,6000.0,125000.0,125000.0,2K,46.56,0.0,京急本線,雑色,10,京急空港線,糀谷,20
ニューウエストビル,東京都新宿区西新宿５丁目,都営大江戸線 西新宿五丁目駅 徒歩5分、東京メトロ丸ノ内線 西新宿駅 徒歩8分,31,4,170000.0,10000.0,170000.0,170000.0,2LDK,60.0,0.0,都営大江戸線,西新宿五丁目,5,東京メトロ丸ノ内線,西新宿,8
ライオンズマンション東品川,東京都品川区東品川３丁目,京急本線 新馬場駅 徒歩8分、東京臨海高速鉄道りんかい線 天王洲アイル駅 徒歩12分,43,11,140000.0,12000.0,140000.0,140000.0,3DK,58.84,11000.0,京急本線,新馬場,8,東京臨海高速鉄道りんかい線,天王洲アイル,12
エンゼルハイム田園調布南,東京都大田区田園調布南,東急多摩川線 沼部駅 徒歩8分,25,6,200000.0,10000.0,200000.0,200000.0,3LDK,67.56,88000.0,東急多摩川線,沼部,8,,,
成田西２丁目アパート,東京都杉並区成田西２丁目,京王井の頭線 浜田山駅 徒歩15分,9,2,220000.0,0.0,220000.0,220000.0,3LDK,108.01,0.0,京王井の頭線,浜田山,15,,,
ユリシーズ浜田山,東京都杉並区浜田山４丁目,京王井の頭線 浜田山駅 徒歩8分、京王井の頭線 西永福駅 徒歩10分,33,6,131000.0,8000.0,131000.0,131000.0,2LDK,60.4,88000.0,京王井の頭線,浜田山,8,京王井の頭線,西永福,10
アレンタール西新宿,東京都新宿区西新宿４丁目,都営大江戸線 西新宿五丁目駅 徒歩7分、京王線 初台駅 徒歩9分,49,3,215000.0,5000.0,215000.0,215000.0,2LDK,72.13,88000.0,都営大江戸線,西新宿五丁目,7,京王線,初台,9
ハイツスガノ,東京都江戸川区江戸川３丁目,都営新宿線 一之江駅 徒歩14分、都営新宿線 瑞江駅 徒歩16分,34,3,165000.0,10000.0,165000.0,0.0,3SLDK,75.0,0.0,都営新宿線,一之江,14,都営新宿線,瑞江,16
ジェノヴィア木場Ⅱ,東京都江東区東陽１丁目,東京メトロ東西線 木場駅 徒歩7分、東京メトロ東西線 東陽町駅 徒歩8分,0,10,118500.0,10000.0,0.0,0.0,2K,25.76,0.0,東京メトロ東西線,木場,7,東京メトロ東西線,東陽町,8
ノースヒルズ平和台,東京都練馬区北町７丁目,東京メトロ有楽町線 平和台駅 徒歩5分、東京メトロ副都心線 地下鉄赤塚駅 徒歩14分,30,3,90000.0,0.0,90000.0,90000.0,2DK,40.0,0.0,東京メトロ有楽町線,平和台,5,東京メトロ副都心線,地下鉄赤塚,14
大村貸家,東京都北区中里３丁目,ＪＲ山手線 駒込駅 徒歩7分,40,2,120000.0,0.0,120000.0,120000.0,3K,56.3,0.0,ＪＲ山手線,駒込,7,,,
ニューハイム小原,東京都板橋区徳丸１丁目,東武東上線 東武練馬駅 徒歩12分,38,5,75000.0,0.0,75000.0,75000.0,2DK,39.0,0.0,東武東上線,東武練馬,12,,,
Ｋｏｌｅｔ足立大谷田＃０５,東京都足立区大谷田１丁目,ＪＲ常磐線 亀有駅 徒歩22分,0,2,205000.0,0.0,205000.0,205000.0,4LDK,87.97,0.0,ＪＲ常磐線,亀有,22,,,
フジマンション,東京都新宿区上落合３丁目,東京メトロ東西線 落合駅 徒歩7分、都営大江戸線 中井駅 徒歩7分,16,3,100000.0,5000.0,100000.0,0.0,2K,35.0,33000.0,東京メトロ東西線,落合,7,都営大江戸線,中井,7
メゾンウィステリアＡ棟,東京都中野区大和町１丁目,ＪＲ中央線 高円寺駅 徒歩12分、西武新宿線 野方駅 徒歩14分,33,2,93000.0,2000.0,0.0,0.0,2DK,36.4,88000.0,ＪＲ中央線,高円寺,12,西武新宿線,野方,14
けやき通り北七番館,東京都荒川区南千住８丁目,東京メトロ日比谷線 南千住駅 徒歩17分、ＪＲ常磐線 南千住駅 徒歩17分,31,5,113000.0,0.0,113000.0,113000.0,2LDK,55.64,88000.0,東京メトロ日比谷線,南千住,17,ＪＲ常磐線,南千住,17
アーバンコート,東京都中野区新井２丁目,ＪＲ中央線 中野駅 徒歩12分、西武新宿線 沼袋駅 徒歩13分,22,4,190000.0,12000.0,190000.0,190000.0,3LDK,72.52,88000.0,ＪＲ中央線,中野,12,西武新宿線,沼袋,13
パークキューブ西ヶ原ステージ,東京都北区西ケ原４丁目,都営三田線 西巣鴨駅 徒歩9分、ＪＲ山手線 巣鴨駅 徒歩15分,14,14,188000.0,12000.0,188000.0,188000.0,2LDK,56.01,0.0,都営三田線,西巣鴨,9,ＪＲ山手線,巣鴨,15
足立区六町１丁目戸建５,東京都足立区六町１丁目,つくばエクスプレス 六町駅 徒歩5分、東京メトロ千代田線 北綾瀬駅 徒歩17分,1,2,190000.0,0.0,190000.0,95000.0,3LDK,86.53,88000.0,つくばエクスプレス,六町,5,東京メトロ千代田線,北綾瀬,17
メゾン美羅樹ＩＩ,東京都杉並区梅里１丁目,東京メトロ丸ノ内線 新高円寺駅 徒歩5分、ＪＲ中央本線 高円寺駅 徒歩15分,32,3,125000.0,8000.0,125000.0,125000.0,2DK,44.72,20000.0,東京メトロ丸ノ内線,新高円寺,5,ＪＲ中央本線,高円寺,15
グリーンアレイ,東京都中野区本町４丁目,東京メトロ丸ノ内線 新中野駅 徒歩5分、東京メトロ丸ノ内線 中野新橋駅 徒歩7分,16,3,124000.0,5000.0,248000.0,0.0,2K,40.55,88000.0,東京メトロ丸ノ内線,新中野,5,東京メトロ丸ノ内線,中野新橋,7
リバーサイド小泉,東京都足立区小台２丁目,日暮里舎人ライナー 足立小台駅 徒歩10分、都電荒川線 小台駅 徒歩7分,34,4,75000.0,2000.0,75000.0,75000.0,2K,35.23,0.0,日暮里舎人ライナー,足立小台,10,都電荒川線,小台,7
コーポクロスティア,東京都足立区綾瀬４丁目,東京メトロ千代田線 綾瀬駅 徒歩7分、つくばエクスプレス 青井駅 徒歩12分,36,2,65000.0,2000.0,0.0,0.0,2DK,27.13,71000.0,東京メトロ千代田線,綾瀬,7,つくばエクスプレス,青井,12
ミリアレジデンス早稲田山吹町,東京都新宿区山吹町,東京メトロ有楽町線 江戸川橋駅 徒歩6分、東京メトロ東西線 早稲田駅 徒歩13分,6,5,180000.0,10000.0,0.0,0.0,2DK,46.08,0.0,東京メトロ有楽町線,江戸川橋,6,東京メトロ東西線,早稲田,13
シャトレー富士,東京都世田谷区大原２丁目,京王線 代田橋駅 徒歩3分、京王線 笹塚駅 徒歩9分,38,3,99000.0,4000.0,99000.0,99000.0,2DK,35.64,0.0,京王線,代田橋,3,京王線,笹塚,9
メゾンハギワラ,東京都中野区野方２丁目,西武新宿線 野方駅 徒歩10分、ＪＲ総武線 高円寺駅 徒歩13分,22,7,86000.0,4000.0,86000.0,86000.0,2K,26.0,0.0,西武新宿線,野方,10,ＪＲ総武線,高円寺,13
ジョイ深沢,東京都世田谷区深沢５丁目,東急大井町線 等々力駅 徒歩14分、東急田園都市線 駒沢大学駅 バス12分 園芸高校前下車 徒歩2分,32,2,86000.0,3000.0,86000.0,0.0,2K,37.26,0.0,東急大井町線,等々力,14,,,
レジディア南千住,東京都荒川区南千住３丁目,東京メトロ日比谷線 南千住駅 徒歩13分、ＪＲ常磐線 南千住駅 徒歩13分,16,11,178000.0,10000.0,178000.0,178000.0,2LDK,58.62,0.0,東京メトロ日比谷線,南千住,13,ＪＲ常磐線,南千住,13
リバーピアカネコ,東京都江戸川区北小岩３丁目,京成本線 江戸川駅 徒歩3分、ＪＲ総武線 小岩駅 徒歩22分,27,3,73000.0,4000.0,0.0,0.0,2DK,45.64,80300.0,京成本線,江戸川,3,ＪＲ総武線,小岩,22
メゾンアルモニー,東京都江戸川区鹿骨５丁目,都営新宿線 篠崎駅 バス6分 鹿骨下車 徒歩4分、ＪＲ総武線 小岩駅 徒歩31分,20,3,90000.0,3000.0,90000.0,0.0,2DK,49.9,9000.0,分、ＪＲ総武線,小岩,31,,,
フォルム３３,東京都荒川区東日暮里２丁目,ＪＲ山手線 日暮里駅 徒歩16分、東京メトロ日比谷線 三ノ輪駅 徒歩9分,35,5,85000.0,10000.0,85000.0,0.0,2DK,37.9,0.0,ＪＲ山手線,日暮里,16,東京メトロ日比谷線,三ノ輪,9
ルミエール綾瀬,東京都足立区綾瀬３丁目,東京メトロ千代田線 綾瀬駅 徒歩3分、つくばエクスプレス 青井駅 徒歩20分,32,6,100000.0,5000.0,0.0,0.0,2DK,42.02,88000.0,東京メトロ千代田線,綾瀬,3,つくばエクスプレス,青井,20
第二泉水コーポ,東京都江東区東砂５丁目,東京メトロ東西線 南砂町駅 徒歩15分、都営新宿線 東大島駅 徒歩23分,36,3,70000.0,0.0,70000.0,70000.0,2DK,40.0,0.0,東京メトロ東西線,南砂町,15,都営新宿線,東大島,23
常盤台ガーデンソサエティ,東京都板橋区前野町２丁目,東武東上線 ときわ台駅 徒歩8分,14,18,215000.0,0.0,215000.0,215000.0,3LDK,77.72,88000.0,東武東上線,ときわ台,8,,,
野方1丁目戸建て（野崎方貸家）,東京都中野区野方１丁目,ＪＲ中央本線 高円寺駅 徒歩15分、西武新宿線 野方駅 徒歩16分,49,2,148000.0,0.0,148000.0,148000.0,3LDK,51.4,0.0,ＪＲ中央本線,高円寺,15,西武新宿線,野方,16
タウンハウスアサベール,東京都杉並区阿佐谷南１丁目,ＪＲ中央線 阿佐ヶ谷駅 徒歩10分、東京メトロ丸ノ内線 南阿佐ヶ谷駅 徒歩7分,36,2,110000.0,0.0,110000.0,110000.0,2DK,35.6,0.0,ＪＲ中央線,阿佐ヶ谷,10,東京メトロ丸ノ内線,南阿佐ヶ谷,7
ベルハウス,東京都品川区豊町６丁目,都営浅草線 中延駅 徒歩3分、東急大井町線 戸越公園駅 徒歩7分,44,2,98000.0,2000.0,98000.0,98000.0,2DK,36.0,0.0,都営浅草線,中延,3,東急大井町線,戸越公園,7
サンライズ朝日,東京都中野区弥生町４丁目,東京メトロ丸ノ内線 中野新橋駅 徒歩8分、東京メトロ丸ノ内線 中野富士見町駅 徒歩10分,37,3,84000.0,3000.0,0.0,0.0,2K,35.3,88000.0,東京メトロ丸ノ内線,中野新橋,8,東京メトロ丸ノ内線,中野富士見町,10
モアステージ赤羽,東京都北区赤羽北１丁目,ＪＲ埼京線 北赤羽駅 徒歩5分、東京メトロ南北線 赤羽岩淵駅 徒歩13分,26,10,149000.0,10000.0,149000.0,298000.0,3LDK,60.0,0.0,ＪＲ埼京線,北赤羽,5,東京メトロ南北線,赤羽岩淵,13
石神井公園ピアレス・ザ・タワー,東京都練馬区石神井町２丁目,西武池袋線 石神井公園駅 徒歩3分,21,33,187000.0,10000.0,187000.0,281000.0,2LDK,61.23,88000.0,西武池袋線,石神井公園,3,,,
リビオメゾン南砂町,東京都江東区南砂２丁目,東京メトロ東西線 南砂町駅 徒歩11分、東京メトロ東西線 東陽町駅 徒歩12分,2,14,194000.0,15000.0,194000.0,194000.0,2LDK,50.0,0.0,東京メトロ東西線,南砂町,11,東京メトロ東西線,東陽町,12
大田区西糀谷４丁目貸家,東京都大田区西糀谷４丁目,京急空港線 糀谷駅 徒歩5分,21,3,200000.0,0.0,0.0,200000.0,2SLDK,70.24,88000.0,京急空港線,糀谷,5,,,
鈴木ハイム,東京都大田区東嶺町,東急池上線 御嶽山駅 徒歩2分、東急池上線 旗の台駅 徒歩8分,48,2,89000.0,0.0,89000.0,0.0,2LDK,42.0,88000.0,東急池上線,御嶽山,2,東急池上線,旗の台,8
Weave Place Monzennakacho,東京都江東区深川２丁目,東京メトロ東西線 門前仲町駅 徒歩6分、都営大江戸線 門前仲町駅 徒歩6分,0,9,142000.0,12000.0,0.0,0.0,2K,31.67,0.0,東京メトロ東西線,門前仲町,6,都営大江戸線,門前仲町,6
ワイズテラスコート,東京都大田区中央５丁目,都営浅草線 西馬込駅 徒歩14分,6,2,160000.0,2000.0,160000.0,320000.0,2LDK,65.82,88000.0,都営浅草線,西馬込,14,,,
コーポつくば,東京都足立区東綾瀬１丁目,東京メトロ千代田線 綾瀬駅 徒歩10分、つくばエクスプレス 青井駅 徒歩24分,36,2,54000.0,0.0,0.0,0.0,2K,28.98,44000.0,東京メトロ千代田線,綾瀬,10,つくばエクスプレス,青井,24
ホームズ山王,東京都大田区山王３丁目,ＪＲ京浜東北・根岸線 大森駅 徒歩5分、京急本線 大森海岸駅 徒歩13分,37,5,125000.0,0.0,250000.0,0.0,2DK,44.75,88000.0,ＪＲ京浜東北・根岸線,大森,5,京急本線,大森海岸,13
レクセル五反野,東京都足立区足立４丁目,東武伊勢崎線 五反野駅 徒歩6分、つくばエクスプレス 青井駅 徒歩27分,29,8,115000.0,0.0,115000.0,115000.0,3DK,51.83,88000.0,東武伊勢崎線,五反野,6,つくばエクスプレス,青井,27
テック上落合,東京都新宿区上落合１丁目,西武新宿線 下落合駅 徒歩3分、東京メトロ東西線 落合駅 徒歩8分,33,5,115000.0,5000.0,115000.0,115000.0,2K,39.22,0.0,西武新宿線,下落合,3,東京メトロ東西線,落合,8
コーポレート相生,東京都板橋区相生町,都営三田線 志村三丁目駅 徒歩11分,27,4,145000.0,10000.0,145000.0,145000.0,3DK,65.63,88000.0,都営三田線,志村三丁目,11,,,
ＫＤＸレジデンス尾山台,東京都世田谷区玉堤１丁目,東急大井町線 尾山台駅 徒歩16分、東急田園都市線 二子玉川駅 バス12分 玉堤１丁目下車 徒歩6分,1,5,207000.0,10000.0,0.0,0.0,2LDK,55.51,0.0,東急大井町線,尾山台,16,,,
YTアベニュー,東京都板橋区志村１丁目,都営三田線 志村三丁目駅 徒歩6分、都営三田線 本蓮沼駅 徒歩7分,57,2,140000.0,0.0,140000.0,280000.0,3LDK,75.0,11000.0,都営三田線,志村三丁目,6,都営三田線,本蓮沼,7
加島コーポ,東京都足立区神明２丁目,東京メトロ千代田線 北綾瀬駅 徒歩26分、つくばエクスプレス 六町駅 徒歩29分,35,3,64000.0,3000.0,0.0,0.0,2DK,31.9,0.0,東京メトロ千代田線,北綾瀬,26,つくばエクスプレス,六町,29
フィールランド,東京都江戸川区西瑞江３丁目,都営新宿線 一之江駅 徒歩11分、都営新宿線 瑞江駅 徒歩17分,23,5,110000.0,15000.0,110000.0,110000.0,2LDK,61.93,0.0,都営新宿線,一之江,11,都営新宿線,瑞江,17
ザ・パークハビオ新高円寺,東京都杉並区高円寺南２丁目,東京メトロ丸ノ内線 新高円寺駅 徒歩4分、東京メトロ丸ノ内線 東高円寺駅 徒歩7分,2,6,200000.0,20000.0,200000.0,200000.0,2LDK,44.2,0.0,東京メトロ丸ノ内線,新高円寺,4,東京メトロ丸ノ内線,東高円寺,7
コスモパレス,東京都世田谷区喜多見,小田急小田原線 喜多見駅 徒歩5分、小田急小田原線 成城学園前駅 徒歩13分,34,4,137000.0,8000.0,137000.0,137000.0,2LDK,65.08,13000.0,小田急小田原線,喜多見,5,小田急小田原線,成城学園前,13
リヴェールお花茶屋,東京都葛飾区お花茶屋,ＪＲ常磐線 亀有駅 徒歩20分、京成本線 お花茶屋駅 徒歩12分,30,5,108000.0,7000.0,108000.0,0.0,3DK,59.36,88000.0,ＪＲ常磐線,亀有,20,京成本線,お花茶屋,12
ライオンズマンション日暮里駅前,東京都荒川区東日暮里５丁目,ＪＲ山手線 日暮里駅 徒歩2分、ＪＲ山手線 鶯谷駅 徒歩11分,40,11,168000.0,0.0,168000.0,168000.0,3DK,55.39,88000.0,ＪＲ山手線,日暮里,2,ＪＲ山手線,鶯谷,11
ファミルナリタ,東京都大田区本羽田２丁目,京急空港線 糀谷駅 徒歩11分、京急空港線 大鳥居駅 徒歩19分,34,3,88000.0,0.0,88000.0,88000.0,2DK,40.0,88000.0,京急空港線,糀谷,11,京急空港線,大鳥居,19
西山アパート,東京都中野区弥生町５丁目,東京メトロ丸ノ内線 中野富士見町駅 徒歩7分、東京メトロ丸ノ内線 中野新橋駅 徒歩11分,50,3,68000.0,2000.0,68000.0,0.0,2K,27.0,51000.0,東京メトロ丸ノ内線,中野富士見町,7,東京メトロ丸ノ内線,中野新橋,11
コンフォリア二葉,東京都品川区二葉２丁目,湘南新宿ライン宇須 西大井駅 徒歩8分、東急大井町線 下神明駅 徒歩8分,0,6,115000.0,10000.0,115000.0,0.0,2K,25.37,0.0,湘南新宿ライン宇須,西大井,8,東急大井町線,下神明,8
要町ガーデンハイツ,東京都豊島区要町１丁目,東京メトロ有楽町線 要町駅 徒歩6分、東京メトロ副都心線 要町駅 徒歩6分,31,5,178000.0,10000.0,178000.0,214000.0,2LDK,59.85,88000.0,東京メトロ有楽町線,要町,6,東京メトロ副都心線,要町,6
ルネ富士見,東京都中野区弥生町５丁目,東京メトロ丸ノ内線 中野富士見町駅 徒歩7分、東京メトロ丸ノ内線 中野新橋駅 徒歩15分,38,2,62000.0,0.0,0.0,0.0,2K,26.0,68200.0,東京メトロ丸ノ内線,中野富士見町,7,東京メトロ丸ノ内線,中野新橋,15
Ｓｕｎｓｃａｌａｒ船橋,東京都世田谷区船橋６丁目,小田急小田原線 経堂駅 徒歩17分、小田急小田原線 千歳船橋駅 徒歩17分,34,3,104000.0,5000.0,104000.0,104000.0,2DK,44.0,88000.0,小田急小田原線,経堂,17,小田急小田原線,千歳船橋,17
ラフィーネ深沢サクラテラス,東京都世田谷区深沢５丁目,東急大井町線 等々力駅 徒歩19分、東急田園都市線 駒沢大学駅 徒歩22分,10,5,190000.0,8000.0,190000.0,380000.0,2LDK,53.93,88000.0,東急大井町線,等々力,19,東急田園都市線,駒沢大学,22
コーポレート池尻,東京都世田谷区池尻４丁目,東急田園都市線 池尻大橋駅 徒歩13分、京王井の頭線 駒場東大前駅 徒歩12分,25,5,184000.0,6000.0,184000.0,184000.0,2DK,54.54,88000.0,東急田園都市線,池尻大橋,13,京王井の頭線,駒場東大前,12
北川ハイツ,東京都新宿区北新宿１丁目,東京メトロ丸ノ内線 西新宿駅 徒歩10分、ＪＲ山手線 新宿駅 徒歩15分,43,2,160000.0,0.0,160000.0,160000.0,3DK,57.0,88000.0,東京メトロ丸ノ内線,西新宿,10,ＪＲ山手線,新宿,15
ヴィラージュ南台Ⅱ,東京都中野区南台４丁目,京王線 笹塚駅 徒歩10分、東京メトロ丸ノ内線 方南町駅 徒歩13分,35,2,82000.0,0.0,82000.0,0.0,2DK,40.0,88000.0,京王線,笹塚,10,東京メトロ丸ノ内線,方南町,13
ガーデンスクエア平和台,東京都練馬区早宮１丁目,東京メトロ有楽町線 平和台駅 徒歩7分,35,4,84000.0,7000.0,84000.0,84000.0,2K,33.0,0.0,東京メトロ有楽町線,平和台,7,,,
ガーデンプレイス久我山,東京都杉並区久我山３丁目,京王井の頭線 久我山駅 徒歩3分、京王井の頭線 富士見ヶ丘駅 徒歩13分,39,3,160000.0,10000.0,160000.0,160000.0,3DK,60.0,88000.0,京王井の頭線,久我山,3,京王井の頭線,富士見ヶ丘,13
サンロイヤル,東京都足立区綾瀬３丁目,東京メトロ千代田線 綾瀬駅 徒歩8分、つくばエクスプレス 青井駅 徒歩20分,46,3,69000.0,3000.0,0.0,0.0,2K,23.12,70000.0,東京メトロ千代田線,綾瀬,8,つくばエクスプレス,青井,20
S-FORT大森山王,東京都品川区西大井４丁目,都営浅草線 馬込駅 徒歩10分、ＪＲ京浜東北・根岸線 大森駅 徒歩13分,7,4,138000.0,10000.0,0.0,138000.0,2DK,41.41,88000.0,都営浅草線,馬込,10,ＪＲ京浜東北・根岸線,大森,13
鈴木邸,東京都文京区本駒込４丁目,東京メトロ南北線 本駒込駅 徒歩11分、ＪＲ山手線 駒込駅 徒歩12分,39,3,120000.0,0.0,120000.0,0.0,2LDK,49.78,88000.0,東京メトロ南北線,本駒込,11,ＪＲ山手線,駒込,12
パークハイツ,東京都世田谷区上用賀１丁目,東急田園都市線 用賀駅 徒歩15分、東急田園都市線 桜新町駅 徒歩17分,33,3,119000.0,6000.0,119000.0,119000.0,2DK,52.64,88000.0,東急田園都市線,用賀,15,東急田園都市線,桜新町,17
パルクメゾン,東京都目黒区碑文谷５丁目,東急東横線 学芸大学駅 徒歩9分、東急東横線 都立大学駅 徒歩16分,33,2,123000.0,5000.0,123000.0,123000.0,2DK,45.83,21000.0,東急東横線,学芸大学,9,東急東横線,都立大学,16
マンションストーンミル・石森ビル,東京都中野区本町１丁目,東京メトロ丸ノ内線 中野坂上駅 徒歩2分、都営大江戸線 中野坂上駅 徒歩2分,41,11,125000.0,11250.0,250000.0,125000.0,2DK,51.54,88000.0,東京メトロ丸ノ内線,中野坂上,2,都営大江戸線,中野坂上,2
グランイーグルパークサイド大森南,東京都大田区大森南２丁目,京急空港線 大鳥居駅 徒歩19分,8,11,150000.0,10000.0,150000.0,300000.0,3LDK,61.66,88000.0,京急空港線,大鳥居,19,,,
マルチプレックスＸ,東京都中野区沼袋２丁目,西武新宿線 沼袋駅 徒歩8分、ＪＲ中央線 中野駅 徒歩24分,17,3,96000.0,4000.0,0.0,0.0,2K,32.29,0.0,西武新宿線,沼袋,8,ＪＲ中央線,中野,24
ルフォンプログレ大森山王,東京都大田区山王３丁目,ＪＲ京浜東北・根岸線 大森駅 徒歩9分,0,15,197000.0,20000.0,197000.0,0.0,2LDK,44.0,0.0,ＪＲ京浜東北・根岸線,大森,9,,,
ランファン・ドール二子玉川,東京都世田谷区鎌田３丁目,東急田園都市線 二子玉川駅 徒歩16分,18,4,145000.0,0.0,145000.0,145000.0,2DK,48.66,9000.0,東急田園都市線,二子玉川,16,,,
綾瀬5丁目　メゾネットマンション,東京都足立区綾瀬５丁目,ＪＲ常磐線 綾瀬駅 徒歩8分、つくばエクスプレス 青井駅 徒歩15分,29,5,150000.0,10000.0,150000.0,150000.0,4LDK,92.78,47000.0,ＪＲ常磐線,綾瀬,8,つくばエクスプレス,青井,15
サンローゼ津田第１,東京都中野区本町５丁目,東京メトロ丸ノ内線 中野新橋駅 徒歩5分、東京メトロ丸ノ内線 新中野駅 徒歩8分,34,5,125000.0,8000.0,125000.0,125000.0,2DK,40.5,20000.0,東京メトロ丸ノ内線,中野新橋,5,東京メトロ丸ノ内線,新中野,8
ルミネケー,東京都大田区上池台１丁目,東急池上線 長原駅 徒歩4分、東急池上線 洗足池駅 徒歩7分,33,2,115000.0,0.0,115000.0,115000.0,2DK,42.0,0.0,東急池上線,長原,4,東急池上線,洗足池,7
ＪＯＳハイツ多摩川,東京都大田区本羽田２丁目,京急空港線 糀谷駅 徒歩14分、京急空港線 大鳥居駅 徒歩19分,26,12,125000.0,12000.0,125000.0,0.0,3LDK,65.1,88000.0,京急空港線,糀谷,14,京急空港線,大鳥居,19
重原メゾネット,東京都杉並区久我山３丁目,京王井の頭線 久我山駅 徒歩4分,34,2,192000.0,0.0,192000.0,192000.0,3LDK,80.0,88000.0,京王井の頭線,久我山,4,,,
フレシア経堂,東京都世田谷区経堂２丁目,小田急小田原線 経堂駅 徒歩5分,2,4,105000.0,10000.0,105000.0,105000.0,2K,25.46,0.0,小田急小田原線,経堂,5,,,
ライオンズプラザ池袋,東京都豊島区東池袋４丁目,ＪＲ山手線 池袋駅 徒歩10分、東京メトロ有楽町線 東池袋駅 徒歩3分,41,14,115000.0,5000.0,115000.0,115000.0,2K,37.64,88000.0,ＪＲ山手線,池袋,10,東京メトロ有楽町線,東池袋,3
プレミアコンフォート高井戸,東京都杉並区高井戸東３丁目,京王井の頭線 高井戸駅 徒歩5分,14,5,158000.0,0.0,316000.0,316000.0,2LDK,55.63,88000.0,京王井の頭線,高井戸,5,,,
サルーテ白山,東京都文京区白山１丁目,都営三田線 白山駅 徒歩4分、東京メトロ南北線 本駒込駅 徒歩8分,22,2,168000.0,5000.0,168000.0,168000.0,2LDK,63.25,0.0,都営三田線,白山,4,東京メトロ南北線,本駒込,8
ＪＰ　ｎｏｉｅ　　錦糸町,東京都墨田区亀沢４丁目,東京メトロ半蔵門線 錦糸町駅 徒歩9分、ＪＲ総武線 錦糸町駅 徒歩9分,2,9,179000.0,15000.0,179000.0,0.0,2DK,42.34,0.0,東京メトロ半蔵門線,錦糸町,9,ＪＲ総武線,錦糸町,9
三桃マンション,東京都大田区大森中３丁目,京急本線 梅屋敷駅 徒歩8分、京急本線 大森町駅 徒歩11分,35,4,103000.0,5000.0,103000.0,103000.0,2DK,42.0,32000.0,京急本線,梅屋敷,8,京急本線,大森町,11
ベルマンション,東京都新宿区新小川町,ＪＲ総武線 飯田橋駅 徒歩6分、都営大江戸線 飯田橋駅 徒歩6分,46,4,133000.0,0.0,133000.0,133000.0,2K,39.06,88000.0,ＪＲ総武線,飯田橋,6,都営大江戸線,飯田橋,6
リベラルワタド,東京都練馬区平和台３丁目,東京メトロ有楽町線 平和台駅 徒歩8分,33,3,115000.0,4000.0,115000.0,0.0,3DK,54.0,0.0,東京メトロ有楽町線,平和台,8,,,
水穂マンション,東京都杉並区松庵３丁目,ＪＲ総武線 西荻窪駅 徒歩5分,32,3,114000.0,6000.0,114000.0,114000.0,2K,29.25,88000.0,ＪＲ総武線,西荻窪,5,,,
ＳＫレジデンス,東京都豊島区南大塚３丁目,ＪＲ山手線 大塚駅 徒歩4分、東京メトロ丸ノ内線 新大塚駅 徒歩5分,33,9,154000.0,8000.0,154000.0,154000.0,2DK,47.35,0.0,ＪＲ山手線,大塚,4,東京メトロ丸ノ内線,新大塚,5
ハウス21,東京都中野区中野５丁目,ＪＲ中央線 中野駅 徒歩9分、西武新宿線 新井薬師前駅 徒歩13分,30,2,120000.0,0.0,120000.0,120000.0,2DK,42.26,0.0,ＪＲ中央線,中野,9,西武新宿線,新井薬師前,13
プロフィットリンク竹ノ塚,東京都足立区竹の塚３丁目,東武伊勢崎線 竹ノ塚駅 徒歩15分、東武伊勢崎線 竹ノ塚駅 バス7分 増田橋バス停下車 徒歩2分,33,6,88000.0,5000.0,88000.0,0.0,3LDK,60.42,0.0,東武伊勢崎線,竹ノ塚,15,,,
プレステージ光ケ丘公園,東京都板橋区赤塚新町２丁目,東京メトロ有楽町線 地下鉄赤塚駅 徒歩6分、東京メトロ副都心線 地下鉄赤塚駅 徒歩6分,31,3,93000.0,3000.0,93000.0,0.0,2DK,43.2,88000.0,東京メトロ有楽町線,地下鉄赤塚,6,東京メトロ副都心線,地下鉄赤塚,6
インペリアルハイツ,東京都北区西ケ原４丁目,都電荒川線 西ヶ原四丁目駅 徒歩2分、都営三田線 西巣鴨駅 徒歩6分,34,6,96000.0,7000.0,96000.0,96000.0,2DK,38.44,36000.0,都電荒川線,西ヶ原四丁目,2,都営三田線,西巣鴨,6
Ｂｒｉｌｌｉａ　ｉｓｔ　文京茗荷谷,東京都文京区小日向４丁目,東京メトロ丸ノ内線 茗荷谷駅 徒歩5分,4,6,184000.0,15000.0,184000.0,0.0,2DK,41.86,0.0,東京メトロ丸ノ内線,茗荷谷,5,,,
シティコープ柏木,東京都新宿区北新宿２丁目,ＪＲ総武線 大久保駅 徒歩9分,37,5,183000.0,10000.0,183000.0,183000.0,2LDK,69.99,88000.0,ＪＲ総武線,大久保,9,,,
ジェイパーク東中野,東京都中野区東中野１丁目,ＪＲ総武線 東中野駅 徒歩5分、都営大江戸線 東中野駅 徒歩5分,26,7,200000.0,15000.0,200000.0,200000.0,3DK,51.11,44000.0,ＪＲ総武線,東中野,5,都営大江戸線,東中野,5
グランカーサ王子Ⅱ,東京都北区王子３丁目,東京メトロ南北線 王子駅 徒歩10分、ＪＲ京浜東北・根岸線 東十条駅 徒歩10分,0,6,189000.0,12000.0,0.0,189000.0,3LDK,50.76,0.0,東京メトロ南北線,王子,10,ＪＲ京浜東北・根岸線,東十条,10
桂ハウス B棟,東京都杉並区永福２丁目,京王井の頭線 永福町駅 徒歩6分、京王井の頭線 西永福駅 徒歩7分,37,2,180000.0,0.0,180000.0,180000.0,2LDK,70.4,88000.0,京王井の頭線,永福町,6,京王井の頭線,西永福,7
鈴木一時貸家,東京都大田区東矢口１丁目,東急池上線 蓮沼駅 徒歩5分、東急多摩川線 矢口渡駅 徒歩13分,63,2,120000.0,0.0,120000.0,120000.0,4K,63.63,88000.0,東急池上線,蓮沼,5,東急多摩川線,矢口渡,13
井ノ下マンション,東京都中野区本町５丁目,東京メトロ丸ノ内線 中野新橋駅 徒歩7分、東京メトロ丸ノ内線 中野富士見町駅 徒歩7分,43,3,77000.0,0.0,77000.0,77000.0,2K,29.7,46000.0,東京メトロ丸ノ内線,中野新橋,7,東京メトロ丸ノ内線,中野富士見町,7
ジェノヴィア板橋本町Ⅲスカイガーデン,東京都板橋区宮本町,都営三田線 板橋本町駅 徒歩8分、都営三田線 本蓮沼駅 徒歩12分,2,5,192000.0,15000.0,0.0,0.0,2LDK,56.48,0.0,都営三田線,板橋本町,8,都営三田線,本蓮沼,12
世田谷区上馬１丁目戸建,東京都世田谷区上馬１丁目,東急田園都市線 三軒茶屋駅 徒歩9分、東急田園都市線 駒沢大学駅 徒歩15分,9,3,190000.0,0.0,190000.0,190000.0,2SLDK,61.86,88000.0,東急田園都市線,三軒茶屋,9,東急田園都市線,駒沢大学,15
カーサビアンカ,東京都北区豊島２丁目,ＪＲ京浜東北・根岸線 王子駅 徒歩11分、都電荒川線 王子駅前駅 徒歩12分,32,3,89000.0,5000.0,89000.0,89000.0,2DK,36.33,40000.0,ＪＲ京浜東北・根岸線,王子,11,都電荒川線,王子駅前,12
グランドメゾン三軒茶屋,東京都世田谷区三軒茶屋２丁目,東急田園都市線 三軒茶屋駅 徒歩1分,25,14,181000.0,8000.0,181000.0,362000.0,2LDK,50.01,88000.0,東急田園都市線,三軒茶屋,1,,,
マンション美和（馬込）,東京都大田区東馬込１丁目,都営浅草線 馬込駅 徒歩1分、東急大井町線 荏原町駅 徒歩12分,45,4,90000.0,0.0,90000.0,90000.0,2K,40.42,0.0,都営浅草線,馬込,1,東急大井町線,荏原町,12
第三コーポ本橋,東京都練馬区石神井台２丁目,西武新宿線 上石神井駅 徒歩18分、西武池袋線 大泉学園駅 徒歩19分,41,2,55000.0,1000.0,55000.0,0.0,2DK,34.02,60500.0,西武新宿線,上石神井,18,西武池袋線,大泉学園,19
クレール羽田,東京都大田区西糀谷２丁目,京急空港線 大鳥居駅 徒歩10分、京急空港線 糀谷駅 徒歩16分,22,9,89000.0,3000.0,89000.0,89000.0,2K,30.69,40000.0,京急空港線,大鳥居,10,京急空港線,糀谷,16
Mサンライズ青砥,東京都葛飾区青戸７丁目,京成押上線 青砥駅 徒歩12分、京成本線 お花茶屋駅 徒歩17分,32,2,70000.0,0.0,70000.0,0.0,2K,36.4,77000.0,京成押上線,青砥,12,京成本線,お花茶屋,17
コンフォリア本駒込一丁目,東京都文京区本駒込１丁目,東京メトロ南北線 本駒込駅 徒歩3分、都営三田線 白山駅 徒歩5分,1,6,145000.0,10000.0,145000.0,0.0,2K,34.48,0.0,東京メトロ南北線,本駒込,3,都営三田線,白山,5
プレジオ戸越,東京都品川区平塚１丁目,東急池上線 戸越銀座駅 徒歩1分、都営浅草線 戸越駅 徒歩2分,23,3,138000.0,5000.0,138000.0,138000.0,2K,43.45,88000.0,東急池上線,戸越銀座,1,都営浅草線,戸越,2
D'sVARIE上池台レジデンス,東京都大田区上池台,東急池上線 長原駅 徒歩3分、東急大井町線 北千束駅 徒歩9分,34,7,202000.0,15000.0,202000.0,202000.0,2SLDK,63.5,0.0,東急池上線,長原,3,東急大井町線,北千束,9
メゾン・ヴェルデ,東京都世田谷区喜多見７丁目,小田急小田原線 喜多見駅 徒歩9分,34,3,87000.0,5000.0,174000.0,0.0,2DK,43.51,0.0,小田急小田原線,喜多見,9,,,
パティオ・山の手,東京都豊島区雑司が谷,東京メトロ副都心線 雑司が谷駅 徒歩7分、東京メトロ有楽町線 東池袋駅 徒歩7分,26,5,135000.0,7000.0,135000.0,135000.0,2DK,45.36,88000.0,東京メトロ副都心線,雑司が谷,7,東京メトロ有楽町線,東池袋,7
LANAI J GRANDE,東京都足立区足立,東武伊勢崎線 五反野駅 徒歩6分、東武伊勢崎線 小菅駅 徒歩8分,22,4,126000.0,20000.0,126000.0,126000.0,3DK,55.8,88000.0,東武伊勢崎線,五反野,6,東武伊勢崎線,小菅,8
上石神井グリーンハイツ,東京都練馬区上石神井１丁目,西武新宿線 上石神井駅 徒歩6分,43,8,114000.0,10000.0,114000.0,114000.0,3DK,66.3,88000.0,西武新宿線,上石神井,6,,,
小田ビル,東京都足立区綾瀬６丁目,ＪＲ常磐線 綾瀬駅 徒歩11分、つくばエクスプレス 青井駅 徒歩10分,27,4,75000.0,0.0,75000.0,0.0,2K,36.4,47000.0,ＪＲ常磐線,綾瀬,11,つくばエクスプレス,青井,10
メゾン石渡,東京都大田区東矢口１丁目,東急池上線 蓮沼駅 徒歩6分、東急多摩川線 矢口渡駅 徒歩13分,34,2,82000.0,0.0,0.0,82000.0,2DK,33.05,0.0,東急池上線,蓮沼,6,東急多摩川線,矢口渡,13
アーバンコート,東京都中野区中野３丁目,ＪＲ中央線 中野駅 徒歩7分、東京メトロ東西線 中野駅 徒歩5分,34,3,140000.0,4000.0,140000.0,140000.0,2DK,43.72,88000.0,ＪＲ中央線,中野,7,東京メトロ東西線,中野,5
エージーコーポ東高円寺,東京都杉並区高円寺南５丁目,東京メトロ丸ノ内線 東高円寺駅 徒歩6分、ＪＲ中央線 高円寺駅 徒歩12分,35,2,86000.0,1500.0,86000.0,86000.0,2DK,33.39,88000.0,東京メトロ丸ノ内線,東高円寺,6,ＪＲ中央線,高円寺,12
第二ソイビーンハウス,東京都中野区本町３丁目,東京メトロ丸ノ内線 中野新橋駅 徒歩4分、東京メトロ丸ノ内線 新中野駅 徒歩7分,56,5,103000.0,2000.0,103000.0,103000.0,2LDK,58.0,88000.0,東京メトロ丸ノ内線,中野新橋,4,東京メトロ丸ノ内線,新中野,7
ドゥーエ成増,東京都板橋区成増３丁目,東武東上線 成増駅 徒歩10分,1,4,188000.0,10000.0,188000.0,0.0,2LDK,55.21,0.0,東武東上線,成増,10,,,
千光荘,東京都中野区中野２丁目,ＪＲ中央線 中野駅 徒歩5分、東京メトロ丸ノ内線 新中野駅 徒歩12分,48,2,90000.0,1000.0,90000.0,90000.0,2K,32.5,88000.0,ＪＲ中央線,中野,5,東京メトロ丸ノ内線,新中野,12
エクセレント小林,東京都中野区弥生町１丁目,東京メトロ丸ノ内線 中野新橋駅 徒歩7分、都営大江戸線 西新宿五丁目駅 徒歩10分,33,5,120000.0,5000.0,120000.0,120000.0,2DK,42.0,88000.0,東京メトロ丸ノ内線,中野新橋,7,都営大江戸線,西新宿五丁目,10
アーバネックス蔵前,東京都台東区三筋１丁目,都営大江戸線 新御徒町駅 徒歩8分、都営浅草線 蔵前駅 徒歩6分,4,10,190000.0,15000.0,190000.0,0.0,2LDK,41.49,0.0,都営大江戸線,新御徒町,8,都営浅草線,蔵前,6
ウェルスクエア学芸大学,東京都目黒区鷹番３丁目,東急東横線 学芸大学駅 徒歩2分,0,5,199000.0,12000.0,199000.0,199000.0,2LDK,40.84,0.0,東急東横線,学芸大学,2,,,
クレドール富久,東京都新宿区富久町,都営新宿線 曙橋駅 徒歩7分、東京メトロ丸ノ内線 四谷三丁目駅 徒歩11分,31,4,160000.0,5000.0,165000.0,165000.0,2LDK,53.16,88000.0,都営新宿線,曙橋,7,東京メトロ丸ノ内線,四谷三丁目,11
ライオンズ東向島ミレス,東京都墨田区東向島４丁目,東武伊勢崎線 東向島駅 徒歩4分、東武伊勢崎線 曳舟駅 徒歩11分,5,9,159000.0,10000.0,159000.0,159000.0,2LDK,54.54,88000.0,東武伊勢崎線,東向島,4,東武伊勢崎線,曳舟,11
メイフラット,東京都中野区本町１丁目,東京メトロ丸ノ内線 中野坂上駅 徒歩4分、都営大江戸線 中野坂上駅 徒歩4分,56,2,50000.0,0.0,50000.0,50000.0,2K,18.0,55000.0,東京メトロ丸ノ内線,中野坂上,4,都営大江戸線,中野坂上,4
セキネハイツ,東京都杉並区和泉２丁目,京王井の頭線 永福町駅 徒歩10分、東京メトロ丸ノ内線 方南町駅 徒歩13分,49,2,68000.0,2000.0,68000.0,68000.0,2K,28.45,0.0,京王井の頭線,永福町,10,東京メトロ丸ノ内線,方南町,13
斉藤ビル,東京都荒川区西日暮里６丁目,日暮里舎人ライナー 西日暮里駅 徒歩3分、東京メトロ千代田線 西日暮里駅 徒歩5分,47,4,95000.0,0.0,95000.0,95000.0,2DK,35.0,0.0,日暮里舎人ライナー,西日暮里,3,東京メトロ千代田線,西日暮里,5
杉村ハウス,東京都練馬区桜台５丁目,西武池袋線 桜台駅 徒歩13分、西武池袋線 練馬駅 徒歩13分,45,2,61000.0,1000.0,61000.0,61000.0,2K,29.52,67100.0,西武池袋線,桜台,13,西武池袋線,練馬,13
メゾンドール,東京都世田谷区砧５丁目,小田急小田原線 祖師ヶ谷大蔵駅 徒歩14分、小田急小田原線 成城学園前駅 バス11分 日大商学部前下車 徒歩2分,39,6,168000.0,9000.0,168000.0,168000.0,2LDK,61.6,88000.0,小田急小田原線,祖師ヶ谷大蔵,14,,,
飯田アパート,東京都目黒区鷹番３丁目,東急東横線 学芸大学駅 徒歩3分,48,2,75000.0,3000.0,150000.0,75000.0,2K,33.0,82500.0,東急東横線,学芸大学,3,,,
ザ・クレスト,東京都北区岩淵町,東京メトロ南北線 赤羽岩淵駅 徒歩7分、ＪＲ埼京線 赤羽駅 徒歩15分,33,8,145000.0,10000.0,145000.0,145000.0,3LDK,67.53,88000.0,東京メトロ南北線,赤羽岩淵,7,ＪＲ埼京線,赤羽,15
西星ハイツ,東京都江戸川区大杉４丁目,ＪＲ総武線 新小岩駅 バス11分 鹿本橋下車 徒歩7分,46,3,64000.0,3000.0,0.0,0.0,2DK,29.0,0.0,,,,,,
上北沢南パーク・ホームズ,東京都世田谷区八幡山１丁目,京王線 上北沢駅 徒歩14分、京王線 桜上水駅 徒歩16分,25,7,155000.0,8000.0,155000.0,155000.0,2LDK,54.8,88000.0,京王線,上北沢,14,京王線,桜上水,16
ルピナス静和,東京都江戸川区中葛西６丁目,東京メトロ東西線 葛西駅 徒歩7分,30,10,166000.0,10000.0,166000.0,166000.0,3LDK,72.8,88000.0,東京メトロ東西線,葛西,7,,,
クレストコート,東京都大田区東六郷３丁目,京急本線 六郷土手駅 徒歩8分、京急本線 雑色駅 徒歩12分,24,5,147000.0,10000.0,147000.0,0.0,3LDK,65.17,88000.0,京急本線,六郷土手,8,京急本線,雑色,12
オークスクエア新川,東京都中央区新川２丁目,東京メトロ日比谷線 茅場町駅 徒歩10分、ＪＲ京葉線 八丁堀駅 徒歩4分,8,7,197000.0,15000.0,197000.0,296000.0,2LDK,40.78,88000.0,東京メトロ日比谷線,茅場町,10,ＪＲ京葉線,八丁堀,4
桜台2丁目貸戸建,東京都練馬区桜台,西武有楽町線 新桜台駅 徒歩5分、東京メトロ副都心線 氷川台駅 徒歩8分,0,2,198000.0,0.0,198000.0,198000.0,2SLDK,65.2,88000.0,西武有楽町線,新桜台,5,東京メトロ副都心線,氷川台,8
ＫＹパレス,東京都足立区佐野２丁目,東京メトロ千代田線 北綾瀬駅 徒歩19分、つくばエクスプレス 六町駅 徒歩30分,35,4,67000.0,3000.0,0.0,0.0,2K,33.05,70000.0,東京メトロ千代田線,北綾瀬,19,つくばエクスプレス,六町,30
富士見マンション,東京都中野区弥生町５丁目,東京メトロ丸ノ内線 中野富士見町駅 徒歩5分、東京メトロ丸ノ内線 中野新橋駅 徒歩11分,58,4,89000.0,0.0,89000.0,89000.0,2DK,37.0,88000.0,東京メトロ丸ノ内線,中野富士見町,5,東京メトロ丸ノ内線,中野新橋,11
くつわだビル,東京都中野区弥生町１丁目,都営大江戸線 西新宿五丁目駅 徒歩7分、東京メトロ丸ノ内線 中野新橋駅 徒歩9分,50,6,67000.0,0.0,67000.0,67000.0,2K,23.0,52000.0,都営大江戸線,西新宿五丁目,7,東京メトロ丸ノ内線,中野新橋,9
エレガンスヤヨイＡ,東京都中野区弥生町１丁目,東京メトロ丸ノ内線 中野新橋駅 徒歩8分、都営大江戸線 西新宿五丁目駅 徒歩8分,31,4,100000.0,3000.0,0.0,100000.0,2K,40.0,33000.0,東京メトロ丸ノ内線,中野新橋,8,都営大江戸線,西新宿五丁目,8
ベルモント北馬込,東京都大田区北馬込１丁目,東急大井町線 荏原町駅 徒歩5分、東急大井町線 旗の台駅 徒歩7分,48,4,97000.0,2000.0,97000.0,0.0,2K,32.0,0.0,東急大井町線,荏原町,5,東急大井町線,旗の台,7
赤羽西貸家,東京都北区赤羽西３丁目,ＪＲ埼京線 赤羽駅 徒歩14分、ＪＲ京浜東北・根岸線 赤羽駅 徒歩14分,44,2,125000.0,0.0,250000.0,125000.0,3DK,62.1,88000.0,ＪＲ埼京線,赤羽,14,ＪＲ京浜東北・根岸線,赤羽,14
Ｔ’ｓ　ｇａｒｄｅｎ西小山,東京都目黒区目黒本町５丁目,東急目黒線 西小山駅 徒歩5分、東急目黒線 武蔵小山駅 徒歩9分,10,4,153000.0,5000.0,153000.0,153000.0,2DK,40.12,0.0,東急目黒線,西小山,5,東急目黒線,武蔵小山,9
エコーピア,東京都墨田区八広４丁目,京成押上線 八広駅 徒歩10分,31,9,95000.0,0.0,95000.0,95000.0,2DK,41.07,88000.0,京成押上線,八広,10,,,
ＧＲＡＮ　ＰＡＳＥＯ舎人,東京都足立区舎人１丁目,日暮里舎人ライナー 舎人駅 徒歩2分、日暮里舎人ライナー 舎人公園駅 徒歩13分,2,5,76000.0,10000.0,0.0,0.0,2K,26.07,0.0,日暮里舎人ライナー,舎人,2,日暮里舎人ライナー,舎人公園,13
一の坂ハイツ,東京都新宿区中井２丁目,西武新宿線 中井駅 徒歩5分、都営大江戸線 落合南長崎駅 徒歩10分,39,2,124000.0,3000.0,124000.0,0.0,2DK,43.72,88000.0,西武新宿線,中井,5,都営大江戸線,落合南長崎,10
六町１丁目戸建ｂ棟,東京都足立区六町１丁目,つくばエクスプレス 六町駅 徒歩7分、東京メトロ千代田線 北綾瀬駅 徒歩14分,3,2,180000.0,0.0,180000.0,360000.0,3LDK,82.8,88000.0,つくばエクスプレス,六町,7,東京メトロ千代田線,北綾瀬,14
メゾン・ド・フリハタ,東京都中野区丸山２丁目,西武新宿線 野方駅 徒歩8分、西武新宿線 都立家政駅 徒歩13分,49,3,130000.0,0.0,130000.0,0.0,2LDK,80.0,0.0,西武新宿線,野方,8,西武新宿線,都立家政,13
稲山壱番館,東京都大田区多摩川２丁目,ＪＲ京浜東北・根岸線 蒲田駅 徒歩18分、東急多摩川線 矢口渡駅 徒歩11分,40,3,120000.0,0.0,120000.0,0.0,2DK,43.2,0.0,ＪＲ京浜東北・根岸線,蒲田,18,東急多摩川線,矢口渡,11
サンローゼ津田第３,東京都中野区本町５丁目,東京メトロ丸ノ内線 中野新橋駅 徒歩5分、東京メトロ丸ノ内線 新中野駅 徒歩8分,26,5,122000.0,8000.0,122000.0,122000.0,2DK,39.7,88000.0,東京メトロ丸ノ内線,中野新橋,5,東京メトロ丸ノ内線,新中野,8
アミティー烏山,東京都世田谷区南烏山４丁目,京王線 千歳烏山駅 徒歩6分、京王線 芦花公園駅 徒歩9分,33,4,123000.0,5000.0,123000.0,0.0,2DK,46.42,0.0,京王線,千歳烏山,6,京王線,芦花公園,9
サンプレイス早宮,東京都練馬区早宮２丁目,東京メトロ有楽町線 平和台駅 徒歩4分、東京メトロ副都心線 平和台駅 徒歩4分,26,6,134000.0,0.0,134000.0,268000.0,2LDK,52.0,88000.0,東京メトロ有楽町線,平和台,4,東京メトロ副都心線,平和台,4
ぺアシティハウス竹の塚,東京都足立区竹の塚１丁目,東武伊勢崎線 竹ノ塚駅 徒歩7分、東武伊勢崎線 西新井駅 徒歩22分,41,6,71000.0,7000.0,71000.0,0.0,2DK,46.84,0.0,東武伊勢崎線,竹ノ塚,7,東武伊勢崎線,西新井,22
LUCK FIELD　B棟,東京都足立区綾瀬７丁目,東京メトロ千代田線 北綾瀬駅 徒歩9分、ＪＲ常磐線 綾瀬駅 徒歩19分,10,3,117000.0,3000.0,117000.0,0.0,2SLDK,56.91,88000.0,東京メトロ千代田線,北綾瀬,9,ＪＲ常磐線,綾瀬,19
ブリリアンス日本橋浜町参番館,東京都中央区日本橋浜町,都営新宿線 浜町駅 徒歩5分、東京メトロ半蔵門線 水天宮前駅 徒歩8分,38,9,160000.0,10000.0,160000.0,160000.0,3LDK,56.48,88000.0,都営新宿線,浜町,5,東京メトロ半蔵門線,水天宮前,8
ボワァール本駒込,東京都文京区本駒込１丁目,都営三田線 千石駅 徒歩7分、東京メトロ南北線 本駒込駅 徒歩7分,29,2,155000.0,0.0,155000.0,155000.0,2DK,51.75,88000.0,都営三田線,千石,7,東京メトロ南北線,本駒込,7
下落合ハウス,東京都新宿区下落合１丁目,西武新宿線 下落合駅 徒歩2分、ＪＲ山手線 高田馬場駅 徒歩12分,39,10,145000.0,5000.0,145000.0,145000.0,2DK,43.52,0.0,西武新宿線,下落合,2,ＪＲ山手線,高田馬場,12
有賀ビル,東京都文京区大塚３丁目,東京メトロ丸ノ内線 茗荷谷駅 徒歩9分、都営三田線 千石駅 徒歩10分,51,5,80000.0,0.0,80000.0,0.0,2K,31.16,88000.0,東京メトロ丸ノ内線,茗荷谷,9,都営三田線,千石,10
サンイーストひぐち,東京都江東区東陽３丁目,東京メトロ東西線 東陽町駅 徒歩4分、東京メトロ東西線 木場駅 徒歩8分,26,4,100000.0,0.0,100000.0,0.0,2DK,39.15,88000.0,東京メトロ東西線,東陽町,4,東京メトロ東西線,木場,8
城西天沼コーポ,東京都杉並区天沼３丁目,ＪＲ中央線 荻窪駅 徒歩9分、ＪＲ総武線 荻窪駅 徒歩9分,43,2,72000.0,1500.0,72000.0,72000.0,2K,33.4,49000.0,ＪＲ中央線,荻窪,9,ＪＲ総武線,荻窪,9
ＡＲＫＭＡＲＫ巣鴨ｓｔａ．,東京都豊島区巣鴨１丁目,ＪＲ山手線 巣鴨駅 徒歩2分、都営三田線 巣鴨駅 徒歩2分,3,12,117500.0,12000.0,0.0,118000.0,2K,26.01,0.0,ＪＲ山手線,巣鴨,2,都営三田線,巣鴨,2
東武ハイライン戸越銀座,東京都品川区平塚２丁目,東急池上線 戸越銀座駅 徒歩4分、都営浅草線 戸越駅 徒歩6分,43,7,85000.0,5000.0,85000.0,85000.0,2DK,33.25,0.0,東急池上線,戸越銀座,4,都営浅草線,戸越,6
ＨＦ大森町レジデンス,東京都大田区大森中１丁目,京急本線 大森町駅 徒歩6分、京急本線 梅屋敷駅 徒歩8分,21,6,189000.0,10000.0,189000.0,0.0,2LDK,53.47,0.0,京急本線,大森町,6,京急本線,梅屋敷,8
カーサ・プリモ,東京都練馬区早宮２丁目,東京メトロ有楽町線 平和台駅 徒歩3分、東京メトロ副都心線 平和台駅 徒歩3分,22,5,123000.0,7000.0,123000.0,0.0,2DK,41.75,0.0,東京メトロ有楽町線,平和台,3,東京メトロ副都心線,平和台,3
グレースハイム,東京都北区赤羽１丁目,ＪＲ京浜東北・根岸線 赤羽駅 徒歩7分、ＪＲ埼京線 赤羽駅 徒歩7分,35,4,105000.0,3000.0,105000.0,105000.0,2K,31.35,88000.0,ＪＲ京浜東北・根岸線,赤羽,7,ＪＲ埼京線,赤羽,7
リバーサイド古野間Ⅰ,東京都足立区佐野１丁目,東京メトロ千代田線 北綾瀬駅 バス4分 綾瀬駅行下車 徒歩12分、東京メトロ千代田線 北綾瀬駅 徒歩24分,37,3,85000.0,3000.0,0.0,0.0,3SDK,50.0,0.0,分、東京メトロ千代田線,北綾瀬,24,,,
グレース目白,東京都新宿区下落合４丁目,西武新宿線 下落合駅 徒歩9分、ＪＲ山手線 目白駅 徒歩12分,31,3,179000.0,8000.0,0.0,0.0,2LDK,85.93,0.0,西武新宿線,下落合,9,ＪＲ山手線,目白,12
春江町戸建,東京都江戸川区春江町３丁目,都営新宿線 瑞江駅 徒歩15分、東京メトロ東西線 葛西駅 バス15分 瑞江斎場下車 徒歩4分,50,2,103000.0,0.0,103000.0,0.0,2LDK,46.3,88000.0,都営新宿線,瑞江,15,,,
升本マンション,東京都文京区水道１丁目,東京メトロ有楽町線 江戸川橋駅 徒歩9分、東京メトロ丸ノ内線 茗荷谷駅 徒歩11分,52,9,137500.0,12500.0,138000.0,0.0,2LDK,61.73,0.0,東京メトロ有楽町線,江戸川橋,9,東京メトロ丸ノ内線,茗荷谷,11
レジデンス浜田山,東京都杉並区浜田山３丁目,京王井の頭線 浜田山駅 徒歩5分、京王井の頭線 高井戸駅 徒歩15分,27,7,135000.0,6000.0,135000.0,135000.0,2DK,45.0,88000.0,京王井の頭線,浜田山,5,京王井の頭線,高井戸,15
ルフォンプログレ上野入谷フロント,東京都台東区下谷２丁目,東京メトロ日比谷線 入谷駅 徒歩2分、ＪＲ山手線 鶯谷駅 徒歩7分,1,13,186000.0,15000.0,186000.0,186000.0,2LDK,42.06,0.0,東京メトロ日比谷線,入谷,2,ＪＲ山手線,鶯谷,7
ＣＩＴＹ　ＳＰＩＲＥ　両国,東京都墨田区両国２丁目,ＪＲ総武線 両国駅 徒歩4分、都営大江戸線 両国駅 徒歩7分,16,13,150000.0,10000.0,0.0,0.0,2K,37.2,0.0,ＪＲ総武線,両国,4,都営大江戸線,両国,7
パヴィヨン・ブラン,東京都足立区梅田７丁目,東武伊勢崎線 梅島駅 徒歩5分、東武大師線 西新井駅 徒歩16分,34,5,85000.0,0.0,85000.0,85000.0,2K,38.01,88000.0,東武伊勢崎線,梅島,5,東武大師線,西新井,16
エクセル蒲田,東京都大田区西六郷１丁目,京急本線 雑色駅 徒歩11分、ＪＲ京浜東北・根岸線 蒲田駅 徒歩15分,23,3,92000.0,3000.0,92000.0,92000.0,2DK,36.22,0.0,京急本線,雑色,11,ＪＲ京浜東北・根岸線,蒲田,15
エマーレ新小岩,東京都葛飾区東新小岩４丁目,ＪＲ総武本線 新小岩駅 徒歩12分、京成押上線 京成立石駅 徒歩31分,28,11,87000.0,10000.0,87000.0,87000.0,2DK,38.62,0.0,ＪＲ総武本線,新小岩,12,京成押上線,京成立石,31
ＳＵＮＮＹ ＳＩＤＥ ＫＩＢ,東京都文京区水道１丁目,東京メトロ有楽町線 江戸川橋駅 徒歩12分、都営大江戸線 飯田橋駅 徒歩13分,15,6,149000.0,15000.0,149000.0,149000.0,2DK,40.08,88000.0,東京メトロ有楽町線,江戸川橋,12,都営大江戸線,飯田橋,13
プライムガーデン若木,東京都板橋区若木１丁目,東武東上線 東武練馬駅 徒歩10分、東武東上線 上板橋駅 徒歩11分,0,5,160000.0,20000.0,0.0,0.0,2LDK,48.27,0.0,東武東上線,東武練馬,10,東武東上線,上板橋,11
エステートロイヤル７号棟,東京都練馬区三原台１丁目,西武池袋線 石神井公園駅 徒歩10分、ＪＲ中央線 吉祥寺駅 バス41分 三原台一丁目下車 徒歩3分,27,2,82000.0,5000.0,0.0,0.0,2DK,37.26,0.0,西武池袋線,石神井公園,10,,,
小田急ニューシティ中野坂上,東京都中野区弥生町１丁目,都営大江戸線 西新宿五丁目駅 徒歩9分,26,9,145000.0,10000.0,145000.0,0.0,2K,40.8,0.0,都営大江戸線,西新宿五丁目,9,,,
パステル中野,東京都中野区新井５丁目,ＪＲ中央線 中野駅 徒歩13分、西武新宿線 新井薬師前駅 徒歩6分,36,6,155000.0,10000.0,155000.0,155000.0,2DK,57.82,88000.0,ＪＲ中央線,中野,13,西武新宿線,新井薬師前,6
パークホームズ成増マークレジデンス,東京都板橋区成増３丁目,東武東上線 成増駅 徒歩6分、東京メトロ有楽町線 地下鉄成増駅 徒歩6分,14,9,188000.0,10000.0,188000.0,188000.0,2LDK,59.18,0.0,東武東上線,成増,6,東京メトロ有楽町線,地下鉄成増,6
パークアクシス新板橋イースト,東京都板橋区板橋４丁目,ＪＲ埼京線 板橋駅 徒歩9分、都営三田線 新板橋駅 徒歩2分,16,14,190000.0,10000.0,190000.0,0.0,2LDK,54.99,0.0,ＪＲ埼京線,板橋,9,都営三田線,新板橋,2
ツイン・コート,東京都江戸川区西葛西３丁目,東京メトロ東西線 西葛西駅 徒歩3分、東京メトロ東西線 葛西駅 徒歩23分,34,10,104000.0,6000.0,104000.0,104000.0,2LDK,44.55,0.0,東京メトロ東西線,西葛西,3,東京メトロ東西線,葛西,23
Ｓ　Ｋ　ＣＵＢＥ,東京都江東区亀戸５丁目,ＪＲ総武線 亀戸駅 徒歩5分、東武亀戸線 亀戸駅 徒歩5分,14,3,86000.0,0.0,86000.0,86000.0,2K,32.74,88000.0,ＪＲ総武線,亀戸,5,東武亀戸線,亀戸,5
千原ビル,東京都豊島区西巣鴨２丁目,都営三田線 西巣鴨駅 徒歩6分、ＪＲ山手線 大塚駅 徒歩12分,56,4,100000.0,2000.0,100000.0,0.0,2DK,36.36,88000.0,都営三田線,西巣鴨,6,ＪＲ山手線,大塚,12
マンション檀,東京都文京区本郷２丁目,東京メトロ丸ノ内線 本郷三丁目駅 徒歩3分、都営三田線 春日駅 徒歩6分,43,7,127000.0,3000.0,63000.0,0.0,2DK,47.84,0.0,東京メトロ丸ノ内線,本郷三丁目,3,都営三田線,春日,6
グランデューク西大井,東京都品川区二葉４丁目,ＪＲ横須賀線 西大井駅 徒歩5分、都営浅草線 中延駅 徒歩9分,33,4,120000.0,0.0,120000.0,120000.0,2DK,37.78,0.0,ＪＲ横須賀線,西大井,5,都営浅草線,中延,9
ラフォーレ町屋Ⅱ,東京都荒川区荒川６丁目,東京メトロ千代田線 町屋駅 徒歩6分、都電荒川線 町屋二丁目駅 徒歩2分,29,3,80000.0,0.0,80000.0,80000.0,2K,31.59,0.0,東京メトロ千代田線,町屋,6,都電荒川線,町屋二丁目,2
コスモ葛西臨海公園ロイヤルコート,東京都江戸川区南葛西５丁目,東京メトロ東西線 葛西駅 バス5分 堀江団地下車 徒歩7分、ＪＲ京葉線 葛西臨海公園駅 徒歩15分,27,10,135000.0,10000.0,135000.0,135000.0,3LDK,75.27,0.0,分、ＪＲ京葉線,葛西臨海公園,15,,,
パークアクシス西巣鴨,東京都北区滝野川７丁目,都営三田線 西巣鴨駅 徒歩5分、ＪＲ埼京線 板橋駅 徒歩10分,11,13,200000.0,12000.0,200000.0,200000.0,2LDK,50.8,0.0,都営三田線,西巣鴨,5,ＪＲ埼京線,板橋,10
ウェルスクエア高井戸東,東京都杉並区高井戸東３丁目,京王井の頭線 高井戸駅 徒歩4分、ＪＲ中央線 荻窪駅 バス16分 高井戸東三丁目下車 徒歩2分,0,5,161000.0,10000.0,161000.0,161000.0,2LDK,40.9,0.0,京王井の頭線,高井戸,4,,,
ドルフケンマート,東京都大田区北馬込２丁目,都営浅草線 馬込駅 徒歩1分、東急大井町線 荏原町駅 徒歩11分,47,5,115000.0,3000.0,115000.0,0.0,2LDK,45.0,0.0,都営浅草線,馬込,1,東急大井町線,荏原町,11
ＹＭＤビル,東京都新宿区北新宿１丁目,東京メトロ丸ノ内線 西新宿駅 徒歩7分、ＪＲ山手線 新宿駅 徒歩12分,35,5,140000.0,10000.0,140000.0,140000.0,2DK,50.44,88000.0,東京メトロ丸ノ内線,西新宿,7,ＪＲ山手線,新宿,12
ＪＵ　ＴＯＷＥＲ　ＦＲＯＮＴ　北斎Ｓｔ,東京都墨田区亀沢４丁目,ＪＲ総武線 錦糸町駅 徒歩10分、都営大江戸線 両国駅 徒歩11分,2,9,188000.0,10000.0,188000.0,188000.0,2LDK,50.53,88000.0,ＪＲ総武線,錦糸町,10,都営大江戸線,両国,11
旭泉マンション,東京都北区中里２丁目,ＪＲ山手線 駒込駅 徒歩3分、東京メトロ南北線 駒込駅 徒歩6分,35,5,115000.0,10000.0,115000.0,115000.0,2DK,41.31,0.0,ＪＲ山手線,駒込,3,東京メトロ南北線,駒込,6
グランエクリュMK田端,東京都荒川区東尾久４丁目,ＪＲ山手線 田端駅 徒歩11分、日暮里舎人ライナー 赤土小学校前駅 徒歩4分,33,5,62000.0,3000.0,62000.0,62000.0,2K,28.0,0.0,ＪＲ山手線,田端,11,日暮里舎人ライナー,赤土小学校前,4
リシェル氷川台,東京都練馬区桜台３丁目,東京メトロ有楽町線 氷川台駅 徒歩3分、東京メトロ副都心線 氷川台駅 徒歩3分,41,5,125000.0,5000.0,125000.0,125000.0,3DK,55.0,0.0,東京メトロ有楽町線,氷川台,3,東京メトロ副都心線,氷川台,3
メゾン柴又,東京都葛飾区柴又１丁目,京成本線 京成高砂駅 徒歩8分,34,2,64000.0,0.0,64000.0,0.0,2K,33.95,0.0,京成本線,京成高砂,8,,,
アーバニティハイム,東京都江戸川区東瑞江２丁目,都営新宿線 瑞江駅 徒歩14分、都営新宿線 一之江駅 バス10分 宮下下車 徒歩3分,31,2,95000.0,5000.0,95000.0,0.0,2DK,51.69,0.0,都営新宿線,瑞江,14,,,
メゾン五十嵐,東京都豊島区西巣鴨１丁目,都営三田線 西巣鴨駅 徒歩8分、ＪＲ山手線 大塚駅 徒歩10分,36,4,75000.0,0.0,75000.0,75000.0,2DK,36.96,82500.0,都営三田線,西巣鴨,8,ＪＲ山手線,大塚,10
ソリッド・リファイン八広,東京都墨田区八広４丁目,京成押上線 八広駅 徒歩10分,36,7,87000.0,5000.0,87000.0,43000.0,2K,38.68,0.0,京成押上線,八広,10,,,
ライフピア中板橋,東京都板橋区弥生町,東武東上線 中板橋駅 徒歩6分、東武東上線 ときわ台駅 徒歩11分,21,7,195000.0,5000.0,195000.0,195000.0,2SLDK,80.65,0.0,東武東上線,中板橋,6,東武東上線,ときわ台,11
児玉マンションⅡ,東京都文京区白山２丁目,都営三田線 白山駅 徒歩7分、都営大江戸線 春日駅 徒歩13分,30,4,110000.0,3000.0,110000.0,0.0,2DK,35.24,0.0,都営三田線,白山,7,都営大江戸線,春日,13
メゾンクボタ,東京都目黒区中町１丁目,東急東横線 祐天寺駅 徒歩15分、東急東横線 学芸大学駅 徒歩17分,37,4,128000.0,0.0,128000.0,128000.0,2DK,39.6,0.0,東急東横線,祐天寺,15,東急東横線,学芸大学,17
二葉ハイツ,東京都品川区二葉２丁目,湘南新宿ライン宇須 西大井駅 徒歩3分、東急大井町線 下神明駅 徒歩10分,45,6,83000.0,2000.0,83000.0,83000.0,2K,36.0,0.0,湘南新宿ライン宇須,西大井,3,東急大井町線,下神明,10
ザ・パークハウス青砥,東京都葛飾区青戸７丁目,京成本線 青砥駅 徒歩14分、ＪＲ常磐線 亀有駅 バス11分 老健青戸こはるびの里下車 徒歩4分,10,20,188000.0,0.0,188000.0,188000.0,3LDK,72.16,88000.0,京成本線,青砥,14,,,
ベルメール西新井Ⅰ,東京都足立区西新井本町４丁目,東武大師線 大師前駅 徒歩12分、日暮里舎人ライナー 江北駅 徒歩15分,36,3,82000.0,3000.0,0.0,0.0,2DK,41.67,0.0,東武大師線,大師前,12,日暮里舎人ライナー,江北,15
富士ビル,東京都品川区南大井５丁目,ＪＲ京浜東北・根岸線 大森駅 徒歩9分、京急本線 立会川駅 徒歩12分,26,6,91000.0,5000.0,0.0,0.0,2K,32.6,38000.0,ＪＲ京浜東北・根岸線,大森,9,京急本線,立会川,12
千石MTビル,東京都文京区千石４丁目,都営三田線 千石駅 徒歩4分、ＪＲ山手線 巣鴨駅 徒歩10分,36,3,110000.0,2000.0,110000.0,110000.0,2DK,51.6,0.0,都営三田線,千石,4,ＪＲ山手線,巣鴨,10
テラス田園調布,東京都大田区田園調布２丁目,東急東横線 田園調布駅 徒歩10分、東急東横線 多摩川駅 徒歩8分,17,2,210000.0,0.0,210000.0,210000.0,2LDK,64.17,0.0,東急東横線,田園調布,10,東急東横線,多摩川,8
仲六マンション,東京都大田区仲六郷２丁目,京急本線 雑色駅 徒歩2分、京急本線 六郷土手駅 徒歩17分,52,6,95000.0,0.0,95000.0,95000.0,2DK,51.84,0.0,京急本線,雑色,2,京急本線,六郷土手,17
濱野ビル,東京都荒川区荒川３丁目,ＪＲ常磐線 三河島駅 徒歩5分、京成本線 新三河島駅 徒歩11分,39,4,95000.0,5000.0,95000.0,95000.0,2K,35.44,0.0,ＪＲ常磐線,三河島,5,京成本線,新三河島,11
イカリハイツ,東京都荒川区東尾久４丁目,ＪＲ山手線 田端駅 徒歩9分、日暮里舎人ライナー 赤土小学校前駅 徒歩4分,45,4,100000.0,0.0,105000.0,105000.0,2DK,45.0,0.0,ＪＲ山手線,田端,9,日暮里舎人ライナー,赤土小学校前,4
マチダアパート,東京都新宿区若葉３丁目,ＪＲ総武線 信濃町駅 徒歩9分、ＪＲ総武線 四ツ谷駅 徒歩10分,53,2,65000.0,0.0,65000.0,65000.0,2DK,21.0,0.0,ＪＲ総武線,信濃町,9,ＪＲ総武線,四ツ谷,10
ハイツ石原Ｂ棟,東京都杉並区下井草２丁目,西武新宿線 下井草駅 徒歩12分、西武新宿線 鷺ノ宮駅 徒歩13分,41,2,82000.0,2000.0,82000.0,82000.0,2DK,32.0,0.0,西武新宿線,下井草,12,西武新宿線,鷺ノ宮,13
ドミール鷺宮,東京都中野区鷺宮４丁目,西武新宿線 鷺ノ宮駅 徒歩3分、ＪＲ中央線 高円寺駅 徒歩35分,30,2,83000.0,2000.0,83000.0,0.0,2DK,37.26,88000.0,西武新宿線,鷺ノ宮,3,ＪＲ中央線,高円寺,35
ライオンズガーデン阿佐ヶ谷,東京都杉並区阿佐谷南１丁目,ＪＲ総武線 阿佐ヶ谷駅 徒歩11分、東京メトロ丸ノ内線 南阿佐ヶ谷駅 徒歩9分,29,3,190000.0,0.0,190000.0,190000.0,2LDK,63.75,88000.0,ＪＲ総武線,阿佐ヶ谷,11,東京メトロ丸ノ内線,南阿佐ヶ谷,9
ガーデンパレス高円寺,東京都杉並区高円寺北２丁目,ＪＲ総武線 高円寺駅 徒歩5分、西武新宿線 野方駅 徒歩19分,6,3,178000.0,4000.0,178000.0,178000.0,2LDK,65.0,0.0,ＪＲ総武線,高円寺,5,西武新宿線,野方,19
オーク・ヴィレッジ日暮里,東京都荒川区東日暮里２丁目,東京メトロ日比谷線 三ノ輪駅 徒歩6分、都電荒川線 三ノ輪橋駅 徒歩10分,26,6,130000.0,11000.0,0.0,0.0,3DK,67.02,88000.0,東京メトロ日比谷線,三ノ輪,6,都電荒川線,三ノ輪橋,10
グリーンフィールド大山,東京都板橋区熊野町,東武東上線 大山駅 徒歩9分,28,14,157000.0,15000.0,0.0,0.0,2LDK,57.42,0.0,東武東上線,大山,9,,,
ミハス上高井戸,東京都杉並区上高井戸１丁目,京王線 八幡山駅 徒歩3分,7,3,131000.0,8000.0,131000.0,131000.0,2DK,49.47,88000.0,京王線,八幡山,3,,,
本羽田二丁目戸建,東京都大田区本羽田２丁目,京急空港線 糀谷駅 徒歩12分、京急本線 雑色駅 徒歩23分,45,2,110000.0,0.0,110000.0,110000.0,3DK,54.86,28000.0,京急空港線,糀谷,12,京急本線,雑色,23
プルミエ中町Ａ棟,東京都世田谷区中町２丁目,東急大井町線 等々力駅 徒歩4分、東急大井町線 尾山台駅 徒歩11分,27,2,220000.0,0.0,220000.0,220000.0,3LDK,84.46,88000.0,東急大井町線,等々力,4,東急大井町線,尾山台,11
はなみずき通り北六番館,東京都荒川区南千住８丁目,京成本線 京成関屋駅 徒歩13分、ＪＲ常磐線 南千住駅 徒歩17分,22,14,105000.0,0.0,105000.0,105000.0,2DK,53.17,88000.0,京成本線,京成関屋,13,ＪＲ常磐線,南千住,17
西ヶ原の家,東京都北区西ケ原１丁目,ＪＲ京浜東北・根岸線 上中里駅 徒歩6分、東京メトロ南北線 西ヶ原駅 徒歩8分,34,2,140000.0,0.0,140000.0,140000.0,2K,48.02,11000.0,ＪＲ京浜東北・根岸線,上中里,6,東京メトロ南北線,西ヶ原,8
井草３丁目貸家,東京都杉並区井草３丁目,西武新宿線 井荻駅 徒歩7分、西武池袋線 練馬高野台駅 徒歩20分,9,2,218000.0,0.0,436000.0,218000.0,2LDK,96.39,88000.0,西武新宿線,井荻,7,西武池袋線,練馬高野台,20
メゾン大塚,東京都北区滝野川６丁目,都営三田線 西巣鴨駅 徒歩4分、ＪＲ埼京線 板橋駅 徒歩7分,33,4,95000.0,3000.0,95000.0,95000.0,2DK,37.2,88000.0,都営三田線,西巣鴨,4,ＪＲ埼京線,板橋,7
三彩ビル,東京都中野区弥生町２丁目,東京メトロ丸ノ内線 中野新橋駅 徒歩1分、東京メトロ丸ノ内線 中野富士見町駅 徒歩9分,55,4,220000.0,0.0,660000.0,220000.0,6LDK,82.47,88000.0,東京メトロ丸ノ内線,中野新橋,1,東京メトロ丸ノ内線,中野富士見町,9
クレッセント羽田,東京都大田区東糀谷３丁目,京急空港線 大鳥居駅 徒歩5分、京急空港線 穴守稲荷駅 徒歩7分,29,8,72000.0,0.0,72000.0,72000.0,2K,26.0,49000.0,京急空港線,大鳥居,5,京急空港線,穴守稲荷,7
アーバンハイツ,東京都練馬区土支田２丁目,都営大江戸線 光が丘駅 徒歩23分、西武池袋線 石神井公園駅 バス18分 土支田八幡下車 徒歩5分,29,2,83000.0,3000.0,0.0,0.0,3DK,55.28,88000.0,都営大江戸線,光が丘,23,,,
エステート泉,東京都練馬区南大泉３丁目,西武池袋線 保谷駅 徒歩7分,31,3,117000.0,3500.0,117000.0,0.0,3DK,65.99,88000.0,西武池袋線,保谷,7,,,
ガーデンハウス千歳船橋,東京都世田谷区船橋１丁目,小田急小田原線 千歳船橋駅 徒歩6分,28,3,203000.0,15000.0,203000.0,203000.0,2LDK,67.18,88000.0,小田急小田原線,千歳船橋,6,,,
ライオンズステーションプラザ大山,東京都板橋区大山町,東武東上線 大山駅 徒歩2分,26,13,138000.0,10000.0,138000.0,138000.0,2DK,45.8,88000.0,東武東上線,大山,2,,,
パークレジデンス大森,東京都大田区大森北１丁目,ＪＲ京浜東北・根岸線 大森駅 徒歩5分、京急本線 大森海岸駅 徒歩6分,33,12,134000.0,12000.0,268000.0,134000.0,2DK,48.08,15000.0,ＪＲ京浜東北・根岸線,大森,5,京急本線,大森海岸,6
アーバネックス蔵前レジデンス,東京都台東区蔵前４丁目,都営浅草線 蔵前駅 徒歩3分、ＪＲ総武線 浅草橋駅 徒歩8分,0,15,191000.0,15000.0,191000.0,0.0,2LDK,40.35,0.0,都営浅草線,蔵前,3,ＪＲ総武線,浅草橋,8
中十条１丁目貸家,東京都北区中十条１丁目,ＪＲ京浜東北・根岸線 東十条駅 徒歩7分,43,2,150000.0,0.0,150000.0,0.0,3DK,76.05,88000.0,ＪＲ京浜東北・根岸線,東十条,7,,,
ニューシャトー蒲田,東京都大田区西蒲田７丁目,東急多摩川線 蒲田駅 徒歩6分、東急池上線 蒲田駅 徒歩6分,34,8,95000.0,5000.0,95000.0,0.0,2DK,35.0,88000.0,東急多摩川線,蒲田,6,東急池上線,蒲田,6
ライオンズプラザ武蔵関リュイール,東京都練馬区関町北２丁目,西武新宿線 武蔵関駅 徒歩6分,17,15,148000.0,10000.0,148000.0,148000.0,2LDK,62.77,88000.0,西武新宿線,武蔵関,6,,,
白鳳マンション中野新橋,東京都中野区本町３丁目,東京メトロ丸ノ内線 中野新橋駅 徒歩4分、都営大江戸線 中野坂上駅 徒歩10分,40,5,114000.0,10000.0,114000.0,114000.0,2DK,38.83,88000.0,東京メトロ丸ノ内線,中野新橋,4,都営大江戸線,中野坂上,10
アベニューフラット,東京都板橋区蓮沼町,都営三田線 本蓮沼駅 徒歩4分、都営三田線 板橋本町駅 徒歩11分,36,3,92000.0,5000.0,92000.0,92000.0,2DK,42.0,38000.0,都営三田線,本蓮沼,4,都営三田線,板橋本町,11
East Wing,東京都荒川区東尾久２丁目,日暮里舎人ライナー 赤土小学校前駅 徒歩1分、都電荒川線 熊野前駅 徒歩10分,26,9,135000.0,8000.0,135000.0,135000.0,3SDK,59.07,0.0,日暮里舎人ライナー,赤土小学校前,1,都電荒川線,熊野前,10
リテラス渋谷笹塚,東京都渋谷区笹塚２丁目,京王線 笹塚駅 徒歩8分、京王線 代田橋駅 徒歩6分,1,15,137000.0,15000.0,137000.0,0.0,2K,33.8,0.0,京王線,笹塚,8,京王線,代田橋,6
イーストパークス大島　サザンスクエア,東京都江東区大島６丁目,都営新宿線 大島駅 徒歩2分、ＪＲ総武線 亀戸駅 徒歩16分,26,14,180000.0,15000.0,180000.0,180000.0,3LDK,68.58,88000.0,都営新宿線,大島,2,ＪＲ総武線,亀戸,16
東葛西4丁目戸建,東京都江戸川区東葛西４丁目,東京メトロ東西線 葛西駅 徒歩14分,21,3,194000.0,0.0,0.0,194000.0,4LDK,96.87,35000.0,東京メトロ東西線,葛西,14,,,
ガイアⅡ,東京都江戸川区鹿骨５丁目,ＪＲ総武線 小岩駅 徒歩27分、都営新宿線 篠崎駅 徒歩33分,29,3,70000.0,2000.0,0.0,70000.0,2DK,37.0,0.0,ＪＲ総武線,小岩,27,都営新宿線,篠崎,33
フォーブルＳ,東京都杉並区善福寺２丁目,ＪＲ中央線 西荻窪駅 徒歩18分,37,2,85000.0,1000.0,85000.0,0.0,2DK,35.5,88000.0,ＪＲ中央線,西荻窪,18,,,
ユーレジデンス二子玉川,東京都世田谷区鎌田３丁目,東急田園都市線 二子玉川駅 徒歩18分、東急大井町線 二子玉川駅 徒歩18分,20,5,122000.0,7000.0,122000.0,0.0,2DK,50.4,88000.0,東急田園都市線,二子玉川,18,東急大井町線,二子玉川,18
パークアクシス辰巳ステージ,東京都江東区辰巳２丁目,東京メトロ有楽町線 辰巳駅 徒歩6分、ＪＲ京葉線 新木場駅 徒歩16分,15,13,208000.0,12000.0,208000.0,208000.0,2LDK,62.96,0.0,東京メトロ有楽町線,辰巳,6,ＪＲ京葉線,新木場,16
コーポレート船堀,東京都江戸川区東小松川２丁目,都営新宿線 船堀駅 徒歩15分、ＪＲ総武線 新小岩駅 バス13分 東小松川二丁目下車 徒歩1分,26,11,120000.0,8000.0,0.0,60000.0,2LDK,59.0,22000.0,都営新宿線,船堀,15,,,
SYFORME MORISHITA,東京都墨田区菊川１丁目,都営新宿線 菊川駅 徒歩4分、都営新宿線 森下駅 徒歩5分,3,9,114000.0,15000.0,0.0,114000.0,2K,28.49,26000.0,都営新宿線,菊川,4,都営新宿線,森下,5
金子マンション,東京都足立区綾瀬４丁目,東京メトロ千代田線 綾瀬駅 徒歩5分、つくばエクスプレス 青井駅 徒歩15分,46,4,67000.0,3000.0,0.0,0.0,2DK,34.02,70000.0,東京メトロ千代田線,綾瀬,5,つくばエクスプレス,青井,15
ハイム四季,東京都大田区南馬込１丁目,都営浅草線 馬込駅 徒歩9分、ＪＲ京浜東北・根岸線 大森駅 徒歩17分,13,2,220000.0,0.0,220000.0,440000.0,2SLDK,74.52,88000.0,都営浅草線,馬込,9,ＪＲ京浜東北・根岸線,大森,17
ＦＬＡＴ　ＦＩＶＥ,東京都目黒区中目黒５丁目,東急東横線 中目黒駅 徒歩14分、東急東横線 祐天寺駅 徒歩12分,28,2,108000.0,2000.0,108000.0,108000.0,2K,32.18,88000.0,東急東横線,中目黒,14,東急東横線,祐天寺,12
センティニアル山田,東京都荒川区町屋４丁目,東京メトロ千代田線 町屋駅 徒歩13分、都電荒川線 東尾久三丁目駅 徒歩10分,27,7,112000.0,5000.0,112000.0,112000.0,2LDK,50.01,27000.0,東京メトロ千代田線,町屋,13,都電荒川線,東尾久三丁目,10
ラフィネ学芸大学,東京都目黒区中央町１丁目,東急東横線 学芸大学駅 徒歩10分,21,3,122000.0,4000.0,122000.0,122000.0,2K,36.31,88000.0,東急東横線,学芸大学,10,,,
ハイムサクラ,東京都荒川区荒川２丁目,東京メトロ千代田線 町屋駅 徒歩9分、ＪＲ常磐線 三河島駅 徒歩10分,26,2,82000.0,3000.0,82000.0,82000.0,2DK,40.07,88000.0,東京メトロ千代田線,町屋,9,ＪＲ常磐線,三河島,10
マンション　ウィスタリア,東京都新宿区高田馬場４丁目,ＪＲ山手線 高田馬場駅 徒歩8分、西武新宿線 下落合駅 徒歩12分,36,5,160000.0,10000.0,160000.0,160000.0,3DK,61.6,88000.0,ＪＲ山手線,高田馬場,8,西武新宿線,下落合,12
ジェノヴィア浅草Ⅴスカイガーデン,東京都台東区浅草５丁目,つくばエクスプレス 浅草駅 徒歩10分、東京メトロ日比谷線 入谷駅 徒歩13分,2,12,178000.0,15000.0,0.0,0.0,2LDK,46.73,0.0,つくばエクスプレス,浅草,10,東京メトロ日比谷線,入谷,13
フローレンスハイム,東京都杉並区浜田山１丁目,京王井の頭線 浜田山駅 徒歩5分,45,3,120000.0,3500.0,120000.0,120000.0,2DK,42.9,88000.0,京王井の頭線,浜田山,5,,,
ドエル立石,東京都葛飾区東立石１丁目,京成押上線 京成立石駅 徒歩7分,38,3,63000.0,5000.0,63000.0,63000.0,2LDK,47.04,69300.0,京成押上線,京成立石,7,,,
ラヴィーナ池上,東京都大田区池上６丁目,東急池上線 池上駅 徒歩7分、東急池上線 蒲田駅 徒歩17分,35,5,116000.0,7000.0,116000.0,116000.0,2DK,47.19,88000.0,東急池上線,池上,7,東急池上線,蒲田,17
ＧＲＡＮ　ＰＡＳＥＯ碑文谷Ｓｏｕｔｈ,東京都目黒区碑文谷３丁目,東急東横線 都立大学駅 徒歩8分、東急目黒線 大岡山駅 徒歩14分,2,4,205000.0,15000.0,0.0,0.0,2SLDK,48.02,0.0,東急東横線,都立大学,8,東急目黒線,大岡山,14
サニーウェル,東京都世田谷区給田５丁目,京王線 千歳烏山駅 徒歩22分,28,3,105000.0,15000.0,105000.0,0.0,3LDK,65.23,88000.0,京王線,千歳烏山,22,,,
ＧＲＡＮ　ＰＡＳＥＯ碑文谷Ｎｏｒｔｈ,東京都目黒区碑文谷３丁目,東急東横線 都立大学駅 徒歩8分、東急目黒線 大岡山駅 徒歩14分,2,4,172000.0,15000.0,0.0,0.0,2DK,40.16,0.0,東急東横線,都立大学,8,東急目黒線,大岡山,14
ＧＲＡＮ　ＰＡＳＥＯ新大塚,東京都豊島区東池袋５丁目,東京メトロ丸ノ内線 新大塚駅 徒歩3分、ＪＲ山手線 大塚駅 徒歩7分,2,12,125000.0,12000.0,0.0,0.0,2K,25.81,0.0,東京メトロ丸ノ内線,新大塚,3,ＪＲ山手線,大塚,7
西池袋ローヤルコーポ,東京都豊島区西池袋５丁目,東京メトロ有楽町線 要町駅 徒歩1分,45,9,140000.0,15000.0,280000.0,140000.0,2LDK,57.75,88000.0,東京メトロ有楽町線,要町,1,,,
クレール西台,東京都板橋区西台１丁目,都営三田線 西台駅 徒歩13分、都営三田線 蓮根駅 徒歩15分,33,2,73000.0,1000.0,73000.0,73000.0,2DK,40.57,80300.0,都営三田線,西台,13,都営三田線,蓮根,15
オーキッドレジデンス西小岩,東京都江戸川区西小岩１丁目,ＪＲ総武線 小岩駅 徒歩9分,29,9,150000.0,10000.0,150000.0,0.0,2LDK,56.16,0.0,ＪＲ総武線,小岩,9,,,
ハクジウハイツ,東京都豊島区目白３丁目,ＪＲ山手線 目白駅 徒歩4分,43,5,120000.0,0.0,120000.0,120000.0,2DK,44.62,88000.0,ＪＲ山手線,目白,4,,,
ミランダモトウイング５,東京都練馬区下石神井１丁目,西武新宿線 井荻駅 徒歩14分、西武新宿線 上井草駅 徒歩18分,5,2,124000.0,5500.0,0.0,124000.0,2LDK,55.18,0.0,西武新宿線,井荻,14,西武新宿線,上井草,18
真野メゾネット,東京都文京区水道１丁目,東京メトロ有楽町線 江戸川橋駅 徒歩9分、東京メトロ丸ノ内線 後楽園駅 徒歩16分,32,2,167000.0,3000.0,167000.0,167000.0,2DK,54.64,88000.0,東京メトロ有楽町線,江戸川橋,9,東京メトロ丸ノ内線,後楽園,16
コーポＮｏ．３,東京都葛飾区奥戸８丁目,ＪＲ総武線 小岩駅 バス10分 奥戸新橋下車 徒歩2分,37,2,47000.0,3000.0,47000.0,47000.0,2K,30.69,51700.0,,,,,,
グリーンヒル江原,東京都中野区江原町２丁目,都営大江戸線 新江古田駅 徒歩7分、西武池袋線 江古田駅 徒歩15分,35,4,88000.0,2000.0,88000.0,88000.0,2K,37.29,88000.0,都営大江戸線,新江古田,7,西武池袋線,江古田,15
アリカ曳舟,東京都墨田区八広１丁目,京成押上線 京成曳舟駅 徒歩2分、東武伊勢崎線 曳舟駅 徒歩8分,2,8,122000.0,10000.0,122000.0,0.0,2K,35.2,0.0,京成押上線,京成曳舟,2,東武伊勢崎線,曳舟,8
ディフロイデェ,東京都練馬区下石神井４丁目,西武新宿線 上井草駅 徒歩2分,29,7,120000.0,6000.0,120000.0,120000.0,2LDK,56.0,88000.0,西武新宿線,上井草,2,,,
パークアクシス元浅草ステージ,東京都台東区元浅草１丁目,ＪＲ山手線 御徒町駅 徒歩13分、つくばエクスプレス 新御徒町駅 徒歩3分,15,16,188000.0,10000.0,188000.0,376000.0,2DK,46.23,0.0,ＪＲ山手線,御徒町,13,つくばエクスプレス,新御徒町,3
リブリ・K & W 上池台,東京都大田区上池台５丁目,東急池上線 長原駅 徒歩13分,10,4,102000.0,4000.0,0.0,102000.0,2K,31.64,60000.0,東急池上線,長原,13,,,
ラフィネ大崎（B）,東京都品川区大崎５丁目,湘南新宿ライン宇須 大崎駅 徒歩4分、湘南新宿ライン高海 大崎駅 徒歩4分,26,12,175000.0,12000.0,175000.0,175000.0,2LDK,61.84,88000.0,湘南新宿ライン宇須,大崎,4,湘南新宿ライン高海,大崎,4
上高田鈴和アパート,東京都中野区上高田２丁目,ＪＲ中央本線 中野駅 徒歩12分、西武新宿線 新井薬師前駅 徒歩7分,54,2,67000.0,0.0,67000.0,67000.0,2K,29.19,0.0,ＪＲ中央本線,中野,12,西武新宿線,新井薬師前,7
大田区東蒲田１丁目住宅,東京都大田区東蒲田１丁目,京急本線 梅屋敷駅 徒歩6分、京急本線 京急蒲田駅 徒歩10分,52,2,174000.0,0.0,174000.0,174000.0,2LDK,72.04,88000.0,京急本線,梅屋敷,6,京急本線,京急蒲田,10
ウェストコート,東京都江戸川区松島１丁目,ＪＲ総武線 新小岩駅 徒歩24分、ＪＲ総武線 錦糸町駅 バス13分 小松川警察署前下車 徒歩5分,16,2,117000.0,0.0,117000.0,117000.0,2LDK,66.7,88000.0,ＪＲ総武線,新小岩,24,,,
ベルドミール壱番館,東京都足立区東保木間１丁目,つくばエクスプレス 六町駅 徒歩12分,21,7,126000.0,12000.0,126000.0,126000.0,3LDK,71.3,88000.0,つくばエクスプレス,六町,12,,,
パークアクシス両国スクエア,東京都墨田区緑１丁目,都営大江戸線 両国駅 徒歩2分,1,13,198000.0,15000.0,198000.0,198000.0,2DK,40.59,0.0,都営大江戸線,両国,2,,,
エクセレンツ青砥,東京都葛飾区青戸５丁目,京成本線 青砥駅 徒歩7分、京成本線 京成高砂駅 徒歩17分,35,4,67000.0,5000.0,0.0,0.0,2K,29.76,0.0,京成本線,青砥,7,京成本線,京成高砂,17
ＡＬＥＲＯ後楽園,東京都文京区水道１丁目,東京メトロ丸ノ内線 後楽園駅 徒歩10分、東京メトロ南北線 後楽園駅 徒歩10分,8,5,193000.0,10000.0,0.0,0.0,2LDK,51.32,0.0,東京メトロ丸ノ内線,後楽園,10,東京メトロ南北線,後楽園,10
プチシャトー,東京都板橋区前野町３丁目,都営三田線 志村坂上駅 徒歩8分,22,3,91000.0,6000.0,91000.0,91000.0,2DK,41.78,88000.0,都営三田線,志村坂上,8,,,
パークナードフィット東中野,東京都中野区東中野２丁目,ＪＲ総武線 東中野駅 徒歩7分、都営大江戸線 東中野駅 徒歩6分,5,9,200000.0,9000.0,200000.0,200000.0,2LDK,41.7,0.0,ＪＲ総武線,東中野,7,都営大江戸線,東中野,6
ルクレ代田橋,東京都杉並区和泉１丁目,京王線 代田橋駅 徒歩11分、京王線 笹塚駅 徒歩16分,17,10,112000.0,15000.0,0.0,0.0,2K,30.26,0.0,京王線,代田橋,11,京王線,笹塚,16
ツイン・アベニュー,東京都練馬区関町北２丁目,西武新宿線 武蔵関駅 徒歩8分,31,8,133000.0,10000.0,133000.0,0.0,3LDK,65.1,0.0,西武新宿線,武蔵関,8,,,
ソライエアイル練馬北町,東京都練馬区北町３丁目,東京メトロ有楽町線 地下鉄赤塚駅 徒歩7分、東京メトロ副都心線 地下鉄赤塚駅 徒歩7分,3,6,183000.0,15000.0,183000.0,183000.0,2LDK,58.42,0.0,東京メトロ有楽町線,地下鉄赤塚,7,東京メトロ副都心線,地下鉄赤塚,7
プラネソシエ青戸,東京都葛飾区青戸１丁目,京成本線 青砥駅 徒歩4分,0,6,193000.0,12000.0,193000.0,193000.0,2LDK,55.44,88000.0,京成本線,青砥,4,,,
ＮＳビル,東京都江戸川区中葛西３丁目,東京メトロ東西線 葛西駅 徒歩9分,29,4,80000.0,0.0,80000.0,0.0,2K,38.26,0.0,東京メトロ東西線,葛西,9,,,
グランベル祖師谷,東京都世田谷区祖師谷３丁目,小田急小田原線 祖師ヶ谷大蔵駅 徒歩4分、小田急小田原線 成城学園前駅 徒歩9分,36,5,118000.0,8000.0,118000.0,0.0,2DK,39.76,24000.0,小田急小田原線,祖師ヶ谷大蔵,4,小田急小田原線,成城学園前,9
グレイスベル自由が丘,東京都世田谷区奥沢５丁目,東急目黒線 奥沢駅 徒歩5分、東急東横線 自由が丘駅 徒歩7分,24,3,195000.0,5000.0,195000.0,0.0,2LDK,64.81,88000.0,東急目黒線,奥沢,5,東急東横線,自由が丘,7
プライマル門前仲町,東京都江東区深川２丁目,東京メトロ東西線 門前仲町駅 徒歩3分、都営大江戸線 門前仲町駅 徒歩3分,2,7,103000.0,10000.0,103000.0,103000.0,2K,25.14,26000.0,東京メトロ東西線,門前仲町,3,都営大江戸線,門前仲町,3
メゾンスズキ,東京都世田谷区弦巻１丁目,東急田園都市線 桜新町駅 徒歩15分、東急世田谷線 上町駅 徒歩8分,51,3,88000.0,5000.0,88000.0,88000.0,2DK,36.0,88000.0,東急田園都市線,桜新町,15,東急世田谷線,上町,8
エクシード根岸アメニティーレジデンス,東京都台東区根岸３丁目,ＪＲ山手線 鶯谷駅 徒歩4分、東京メトロ日比谷線 入谷駅 徒歩10分,36,4,129000.0,4000.0,129000.0,129000.0,2LDK,47.37,88000.0,ＪＲ山手線,鶯谷,4,東京メトロ日比谷線,入谷,10
ＵＵＲコート白鷺,東京都中野区白鷺１丁目,西武新宿線 鷺ノ宮駅 徒歩6分、西武新宿線 都立家政駅 徒歩9分,21,7,156000.0,10000.0,156000.0,156000.0,2LDK,59.9,0.0,西武新宿線,鷺ノ宮,6,西武新宿線,都立家政,9
ユーコート上石神井,東京都練馬区上石神井３丁目,西武新宿線 上石神井駅 徒歩8分、西武新宿線 上井草駅 徒歩14分,30,3,135000.0,5000.0,135000.0,135000.0,2SDK,57.0,14000.0,西武新宿線,上石神井,8,西武新宿線,上井草,14
リージア経堂イーストプレイス,東京都世田谷区宮坂２丁目,小田急小田原線 経堂駅 徒歩8分、小田急小田原線 豪徳寺駅 徒歩6分,9,8,213000.0,0.0,213000.0,213000.0,2LDK,53.92,0.0,小田急小田原線,経堂,8,小田急小田原線,豪徳寺,6
グランデュール石神井,東京都練馬区下石神井５丁目,西武新宿線 上井草駅 徒歩14分、西武新宿線 上石神井駅 徒歩16分,23,8,126000.0,9000.0,126000.0,126000.0,2SLDK,58.51,0.0,西武新宿線,上井草,14,西武新宿線,上石神井,16
ネスト鷹番,東京都目黒区鷹番１丁目,東急東横線 学芸大学駅 徒歩8分、東急東横線 都立大学駅 徒歩19分,21,3,200000.0,5000.0,200000.0,200000.0,2LDK,55.2,88000.0,東急東横線,学芸大学,8,東急東横線,都立大学,19
サニーハイツ,東京都渋谷区富ヶ谷２丁目,東京メトロ千代田線 代々木公園駅 徒歩8分、小田急小田原線 代々木八幡駅 徒歩7分,43,3,140000.0,5000.0,140000.0,140000.0,2K,43.2,88000.0,東京メトロ千代田線,代々木公園,8,小田急小田原線,代々木八幡,7
アビタシオン葛西,東京都江戸川区東葛西６丁目,東京メトロ東西線 葛西駅 徒歩5分,28,10,105000.0,8000.0,105000.0,105000.0,2DK,45.37,88000.0,東京メトロ東西線,葛西,5,,,
ガーデンハイツ,東京都世田谷区桜丘２丁目,小田急小田原線 千歳船橋駅 徒歩4分,36,3,125000.0,3000.0,125000.0,125000.0,2DK,38.88,88000.0,小田急小田原線,千歳船橋,4,,,
コスモリード世田谷砧,東京都世田谷区砧４丁目,小田急小田原線 祖師ヶ谷大蔵駅 徒歩8分,34,5,177000.0,10000.0,177000.0,177000.0,2LDK,56.33,88000.0,小田急小田原線,祖師ヶ谷大蔵,8,,,
けやき通り南四番館,東京都荒川区南千住８丁目,東京メトロ日比谷線 南千住駅 徒歩15分、東京メトロ日比谷線 南千住駅 バス8分 南千住八丁目下車 徒歩1分,29,14,155000.0,0.0,155000.0,0.0,3LDK,66.06,88000.0,東京メトロ日比谷線,南千住,15,,,
ラヴィーナ門前仲町,東京都江東区平野２丁目,東京メトロ半蔵門線 清澄白河駅 徒歩10分、東京メトロ東西線 門前仲町駅 徒歩12分,35,6,110000.0,10000.0,220000.0,0.0,2DK,48.33,88000.0,東京メトロ半蔵門線,清澄白河,10,東京メトロ東西線,門前仲町,12
リリーベール,東京都世田谷区弦巻３丁目,東急田園都市線 桜新町駅 徒歩10分,30,3,114000.0,8000.0,114000.0,114000.0,2DK,44.93,88000.0,東急田園都市線,桜新町,10,,,
オータム・イン・ニューヨーク,東京都杉並区西荻北１丁目,ＪＲ中央線 西荻窪駅 徒歩8分、ＪＲ総武線 西荻窪駅 徒歩8分,34,4,87000.0,5000.0,87000.0,87000.0,2K,28.15,88000.0,ＪＲ中央線,西荻窪,8,ＪＲ総武線,西荻窪,8
メゾンドボヌール梅島,東京都足立区梅島１丁目,東武伊勢崎線 梅島駅 徒歩6分,22,4,105000.0,10000.0,105000.0,105000.0,2DK,51.0,88000.0,東武伊勢崎線,梅島,6,,,
メゾンエスポワール,東京都足立区西新井栄町１丁目,東武伊勢崎線 西新井駅 徒歩7分、東武伊勢崎線 梅島駅 徒歩9分,11,2,95000.0,3000.0,95000.0,95000.0,2DK,48.68,88000.0,東武伊勢崎線,西新井,7,東武伊勢崎線,梅島,9
コーポレート竹の塚二丁目,東京都足立区竹の塚２丁目,東武伊勢崎線 竹ノ塚駅 徒歩7分,26,7,99000.0,5000.0,99000.0,99000.0,2DK,52.08,88000.0,東武伊勢崎線,竹ノ塚,7,,,
ハイライズＹＮ,東京都大田区東雪谷５丁目,東急池上線 雪が谷大塚駅 徒歩14分,19,2,163000.0,3000.0,163000.0,163000.0,2LDK,71.5,88000.0,東急池上線,雪が谷大塚,14,,,
キャッスルマンションお花茶屋,東京都葛飾区お花茶屋１丁目,京成本線 お花茶屋駅 徒歩5分、京成本線 堀切菖蒲園駅 徒歩15分,35,7,80000.0,5000.0,80000.0,80000.0,2DK,39.97,44000.0,京成本線,お花茶屋,5,京成本線,堀切菖蒲園,15
セントラルパレス,東京都練馬区中村南２丁目,西武新宿線 鷺ノ宮駅 徒歩10分,26,7,128000.0,6000.0,128000.0,128000.0,2LDK,56.0,88000.0,西武新宿線,鷺ノ宮,10,,,
コーポリヴァーストン,東京都墨田区亀沢２丁目,都営大江戸線 両国駅 徒歩7分、ＪＲ総武線 錦糸町駅 徒歩15分,36,7,123000.0,10000.0,123000.0,123000.0,3K,60.26,88000.0,都営大江戸線,両国,7,ＪＲ総武線,錦糸町,15
レオネクストプラシード,東京都練馬区西大泉４丁目,西武池袋線 大泉学園駅 バス17分 西大泉三郵便局下車 徒歩3分,11,2,107000.0,5500.0,0.0,107000.0,2LDK,62.28,0.0,,,,,,
レオネクストエクセルアサヒⅥ,東京都中野区野方６丁目,西武新宿線 野方駅 徒歩3分,8,4,159000.0,5500.0,0.0,159000.0,2LDK,61.4,0.0,西武新宿線,野方,3,,,
ＢＬＥＳＳ上池袋,東京都豊島区上池袋３丁目,東武東上線 北池袋駅 徒歩5分、ＪＲ山手線 池袋駅 徒歩16分,8,5,178000.0,8000.0,178000.0,356000.0,2LDK,48.29,88000.0,東武東上線,北池袋,5,ＪＲ山手線,池袋,16
レオパレスエムエスケイ,東京都世田谷区尾山台１丁目,東急東横線 田園調布駅 徒歩18分、東急大井町線 九品仏駅 徒歩16分,23,2,103000.0,5500.0,0.0,103000.0,2DK,40.95,0.0,東急東横線,田園調布,18,東急大井町線,九品仏,16
三田玉堤第１コーポＢ,東京都世田谷区玉堤１丁目,東急大井町線 尾山台駅 徒歩13分、東急東横線 田園調布駅 徒歩23分,48,3,89000.0,5000.0,0.0,0.0,3K,38.88,0.0,東急大井町線,尾山台,13,東急東横線,田園調布,23
ベジフル北新宿弐番館,東京都新宿区北新宿４丁目,ＪＲ総武線 東中野駅 徒歩9分、都営大江戸線 東中野駅 徒歩12分,23,11,145000.0,8000.0,145000.0,145000.0,2DK,45.46,88000.0,ＪＲ総武線,東中野,9,都営大江戸線,東中野,12
エステ－ジ築地,東京都中央区築地７丁目,東京メトロ日比谷線 築地駅 徒歩5分、東京メトロ有楽町線 新富町駅 徒歩7分,25,8,175000.0,10000.0,175000.0,175000.0,2LDK,48.41,0.0,東京メトロ日比谷線,築地,5,東京メトロ有楽町線,新富町,7
ファインパレスヤマザキ,東京都足立区東綾瀬１丁目,東京メトロ千代田線 綾瀬駅 徒歩12分、つくばエクスプレス 青井駅 徒歩28分,36,3,90000.0,3000.0,90000.0,0.0,3DK,53.46,64000.0,東京メトロ千代田線,綾瀬,12,つくばエクスプレス,青井,28
ザ・パークハビオ神楽坂,東京都新宿区横寺町,都営大江戸線 牛込神楽坂駅 徒歩3分、東京メトロ東西線 神楽坂駅 徒歩6分,3,10,154000.0,18000.0,154000.0,154000.0,2K,30.98,0.0,都営大江戸線,牛込神楽坂,3,東京メトロ東西線,神楽坂,6
サンハイム,東京都足立区東綾瀬３丁目,東京メトロ千代田線 北綾瀬駅 徒歩6分、つくばエクスプレス 青井駅 徒歩22分,46,2,61000.0,0.0,61000.0,0.0,2K,26.0,67100.0,東京メトロ千代田線,北綾瀬,6,つくばエクスプレス,青井,22
エルファーロ大岡山Ⅱ,東京都目黒区大岡山１丁目,東急目黒線 大岡山駅 徒歩7分、東急東横線 都立大学駅 徒歩16分,0,4,197000.0,10000.0,0.0,197000.0,2LDK,45.02,0.0,東急目黒線,大岡山,7,東急東横線,都立大学,16
アーバネックス新御徒町,東京都台東区小島１丁目,都営大江戸線 新御徒町駅 徒歩4分、つくばエクスプレス 新御徒町駅 徒歩4分,0,12,205000.0,15000.0,205000.0,0.0,2LDK,43.61,0.0,都営大江戸線,新御徒町,4,つくばエクスプレス,新御徒町,4
アーバンパーク綾瀬Ｄｕｏ,東京都足立区東綾瀬２丁目,東京メトロ千代田線 綾瀬駅 徒歩12分、東京メトロ千代田線 北綾瀬駅 徒歩16分,0,7,202000.0,15000.0,0.0,0.0,2LDK,56.84,0.0,東京メトロ千代田線,綾瀬,12,東京メトロ千代田線,北綾瀬,16
セイワビル,東京都台東区千束３丁目,ＪＲ相模線 入谷駅 徒歩9分,29,10,102000.0,5000.0,0.0,0.0,2DK,35.8,0.0,ＪＲ相模線,入谷,9,,,
キングビルディング,東京都杉並区梅里１丁目,東京メトロ丸ノ内線 東高円寺駅 徒歩5分、ＪＲ総武線 高円寺駅 徒歩15分,35,5,100000.0,5000.0,100000.0,0.0,2DK,36.72,0.0,東京メトロ丸ノ内線,東高円寺,5,ＪＲ総武線,高円寺,15
アーバンコートサカスⅢ,東京都文京区向丘１丁目,都営三田線 白山駅 徒歩5分、東京メトロ南北線 東大前駅 徒歩6分,38,5,157000.0,8000.0,157000.0,157000.0,2LDK,47.34,0.0,都営三田線,白山,5,東京メトロ南北線,東大前,6
オープンブルーム品川南大井,東京都品川区南大井５丁目,ＪＲ京浜東北・根岸線 大森駅 徒歩9分、京急本線 大森海岸駅 徒歩12分,0,14,200000.0,15000.0,200000.0,0.0,2DK,40.5,0.0,ＪＲ京浜東北・根岸線,大森,9,京急本線,大森海岸,12
メゾンサガノ,東京都足立区西綾瀬３丁目,東京メトロ千代田線 綾瀬駅 徒歩8分、東武伊勢崎線 五反野駅 徒歩9分,35,3,80000.0,0.0,0.0,0.0,2DK,38.84,66000.0,東京メトロ千代田線,綾瀬,8,東武伊勢崎線,五反野,9
プライムブリス蔵前,東京都台東区蔵前３丁目,都営大江戸線 蔵前駅 徒歩2分、東京メトロ銀座線 田原町駅 徒歩8分,0,13,196000.0,15000.0,196000.0,0.0,2LDK,40.74,0.0,都営大江戸線,蔵前,2,東京メトロ銀座線,田原町,8
パークアクシス仲御徒町,東京都台東区台東３丁目,東京メトロ日比谷線 仲御徒町駅 徒歩7分、ＪＲ山手線 御徒町駅 徒歩9分,16,13,202000.0,10000.0,202000.0,404000.0,2LDK,47.11,0.0,東京メトロ日比谷線,仲御徒町,7,ＪＲ山手線,御徒町,9
リバーサイド隅田セントラルタワーパレス,東京都墨田区堤通１丁目,東武伊勢崎線 東向島駅 徒歩11分,29,33,205000.0,15000.0,205000.0,0.0,3DK,74.28,0.0,東武伊勢崎線,東向島,11,,,
ルフォンプログレ蔵前ナチュール,東京都台東区三筋１丁目,都営浅草線 蔵前駅 徒歩5分、都営大江戸線 新御徒町駅 徒歩8分,1,12,194000.0,15000.0,194000.0,0.0,2LDK,40.15,0.0,都営浅草線,蔵前,5,都営大江戸線,新御徒町,8
ハイツベルグ荏原,東京都品川区中延５丁目,東急大井町線 荏原町駅 徒歩4分、都営浅草線 馬込駅 徒歩7分,34,3,87000.0,2000.0,87000.0,0.0,2K,31.0,0.0,東急大井町線,荏原町,4,都営浅草線,馬込,7
モント北馬込,東京都大田区北馬込１丁目,東急大井町線 荏原町駅 徒歩6分、東急大井町線 旗の台駅 徒歩8分,26,3,120000.0,2000.0,120000.0,0.0,2DK,39.0,0.0,東急大井町線,荏原町,6,東急大井町線,旗の台,8
パークサイド南大井,東京都品川区南大井１丁目,京急本線 立会川駅 徒歩5分、東京モノレール 大井競馬場前駅 徒歩10分,41,6,112500.0,9000.0,0.0,0.0,2DK,39.17,0.0,京急本線,立会川,5,東京モノレール,大井競馬場前,10
ジェノヴィア押上Ⅱ,東京都墨田区向島３丁目,京成押上線 押上駅 徒歩7分、東武伊勢崎線 とうきょうスカイツリー駅 徒歩9分,0,7,112000.0,10000.0,0.0,0.0,2K,25.65,0.0,京成押上線,押上,7,東武伊勢崎線,とうきょうスカイツリー,9
ベルヴュコート世田谷豪徳寺,東京都世田谷区豪徳寺２丁目,小田急小田原線 豪徳寺駅 徒歩12分、東急世田谷線 宮の坂駅 徒歩7分,14,3,175000.0,10000.0,175000.0,210000.0,2LDK,51.88,88000.0,小田急小田原線,豪徳寺,12,東急世田谷線,宮の坂,7
エステートピアウエスト,東京都荒川区南千住６丁目,都電荒川線 荒川区役所前駅 徒歩5分、都電荒川線 荒川一中前駅 徒歩7分,35,3,78000.0,3000.0,0.0,0.0,2DK,39.54,0.0,都電荒川線,荒川区役所前,5,都電荒川線,荒川一中前,7
西六郷三井ハウス,東京都大田区西六郷１丁目,京急本線 雑色駅 徒歩8分、ＪＲ京浜東北・根岸線 蒲田駅 徒歩15分,42,2,83000.0,0.0,83000.0,0.0,2K,30.89,0.0,京急本線,雑色,8,ＪＲ京浜東北・根岸線,蒲田,15
大野マンション,東京都墨田区菊川３丁目,都営新宿線 菊川駅 徒歩5分、東京メトロ半蔵門線 住吉駅 徒歩9分,50,4,82000.0,0.0,164000.0,0.0,2K,28.0,0.0,都営新宿線,菊川,5,東京メトロ半蔵門線,住吉,9
コスモ志村坂上パークビュー,東京都板橋区志村１丁目,都営三田線 志村坂上駅 徒歩4分,21,7,175000.0,0.0,175000.0,350000.0,3LDK,70.14,88000.0,都営三田線,志村坂上,4,,,
ポニーニューハイツ,東京都江戸川区平井６丁目,ＪＲ総武線 平井駅 徒歩11分、東武亀戸線 東あずま駅 徒歩20分,42,2,75000.0,0.0,75000.0,75000.0,2K,30.0,0.0,ＪＲ総武線,平井,11,東武亀戸線,東あずま,20
石井ビル,東京都豊島区上池袋４丁目,東武東上線 北池袋駅 徒歩3分、東武東上線 下板橋駅 徒歩5分,35,3,90000.0,0.0,90000.0,90000.0,2K,28.0,0.0,東武東上線,北池袋,3,東武東上線,下板橋,5
ミハス武蔵小山,東京都品川区小山５丁目,東急目黒線 西小山駅 徒歩5分、東急目黒線 武蔵小山駅 徒歩8分,8,3,144000.0,8000.0,0.0,144000.0,2DK,48.86,0.0,東急目黒線,西小山,5,東急目黒線,武蔵小山,8
高稲荷ハイツ,東京都練馬区桜台６丁目,東京メトロ有楽町線 氷川台駅 徒歩10分、西武池袋線 桜台駅 徒歩14分,32,2,92000.0,2000.0,0.0,0.0,2K,34.78,0.0,東京メトロ有楽町線,氷川台,10,西武池袋線,桜台,14
リズ梅ヶ丘,東京都世田谷区梅丘３丁目,小田急小田原線 梅ヶ丘駅 徒歩10分、東急世田谷線 若林駅 徒歩11分,32,3,185000.0,13000.0,370000.0,0.0,3LDK,68.68,0.0,小田急小田原線,梅ヶ丘,10,東急世田谷線,若林,11
パークビュー東高円寺,東京都杉並区高円寺南１丁目,東京メトロ丸ノ内線 東高円寺駅 徒歩5分、ＪＲ中央本線 高円寺駅 徒歩15分,49,9,100000.0,0.0,100000.0,100000.0,2DK,36.0,0.0,東京メトロ丸ノ内線,東高円寺,5,ＪＲ中央本線,高円寺,15
ラ・カーサモモイ,東京都杉並区桃井１丁目,ＪＲ中央本線 荻窪駅 徒歩15分、ＪＲ総武線 荻窪駅 徒歩15分,31,6,105000.0,10000.0,105000.0,105000.0,2DK,40.0,0.0,ＪＲ中央本線,荻窪,15,ＪＲ総武線,荻窪,15
清和ハイツ,東京都北区赤羽西３丁目,ＪＲ京浜東北・根岸線 赤羽駅 徒歩12分、ＪＲ京浜東北・根岸線 東十条駅 徒歩12分,30,2,75000.0,2000.0,75000.0,75000.0,2K,30.0,0.0,ＪＲ京浜東北・根岸線,赤羽,12,ＪＲ京浜東北・根岸線,東十条,12
メゾン呉羽,東京都渋谷区代々木３丁目,ＪＲ山手線 新宿駅 徒歩7分、小田急小田原線 南新宿駅 徒歩7分,47,5,115000.0,5000.0,115000.0,115000.0,2DK,33.2,0.0,ＪＲ山手線,新宿,7,小田急小田原線,南新宿,7
あかつき荘,東京都杉並区本天沼２丁目,東京メトロ丸ノ内線 荻窪駅 徒歩15分、ＪＲ中央本線 阿佐ヶ谷駅 徒歩18分,51,2,66000.0,1000.0,66000.0,66000.0,2K,26.73,0.0,東京メトロ丸ノ内線,荻窪,15,ＪＲ中央本線,阿佐ヶ谷,18
ドルフ喜多見,東京都世田谷区喜多見９丁目,小田急小田原線 喜多見駅 徒歩10分、小田急小田原線 成城学園前駅 徒歩22分,18,3,134000.0,8000.0,0.0,134000.0,2DK,49.41,15000.0,小田急小田原線,喜多見,10,小田急小田原線,成城学園前,22
MFPRコート木場公園,東京都江東区東陽６丁目,東京メトロ東西線 木場駅 徒歩9分、東京メトロ東西線 東陽町駅 徒歩10分,16,14,171000.0,9000.0,171000.0,171000.0,2LDK,44.46,0.0,東京メトロ東西線,木場,9,東京メトロ東西線,東陽町,10
ライオンズマンション東馬込,東京都大田区東馬込１丁目,都営浅草線 馬込駅 徒歩2分、東急大井町線 荏原町駅 徒歩11分,35,5,129000.0,0.0,129000.0,129000.0,2DK,45.9,88000.0,都営浅草線,馬込,2,東急大井町線,荏原町,11
昭和ハイツ,東京都足立区神明２丁目,つくばエクスプレス 八潮駅 徒歩20分,36,2,60000.0,0.0,0.0,0.0,2DK,38.84,55000.0,つくばエクスプレス,八潮,20,,,
久住荘,東京都足立区大谷田５丁目,東京メトロ千代田線 北綾瀬駅 徒歩12分,47,2,47000.0,0.0,0.0,0.0,2K,27.54,51700.0,東京メトロ千代田線,北綾瀬,12,,,
第二小川荘,東京都足立区大谷田２丁目,東京メトロ千代田線 北綾瀬駅 徒歩21分、ＪＲ常磐線 亀有駅 徒歩26分,51,2,56000.0,0.0,0.0,0.0,2K,30.78,58000.0,東京メトロ千代田線,北綾瀬,21,ＪＲ常磐線,亀有,26
第一小川荘,東京都足立区大谷田２丁目,東京メトロ千代田線 北綾瀬駅 徒歩21分、ＪＲ常磐線 亀有駅 徒歩26分,50,2,40000.0,0.0,0.0,0.0,2K,30.78,44000.0,東京メトロ千代田線,北綾瀬,21,ＪＲ常磐線,亀有,26
パークハウス中村橋コルニエ,東京都練馬区中村北２丁目,西武池袋線 中村橋駅 徒歩9分、西武豊島線 練馬駅 徒歩14分,20,8,188000.0,10000.0,188000.0,188000.0,2LDK,64.47,88000.0,西武池袋線,中村橋,9,西武豊島線,練馬,14
ビューステージ大山,東京都板橋区大山金井町,東武東上線 大山駅 徒歩6分,30,10,120000.0,9000.0,120000.0,120000.0,2DK,41.25,22000.0,東武東上線,大山,6,,,
パークアクシス入谷,東京都台東区入谷２丁目,東京メトロ日比谷線 入谷駅 徒歩5分,1,14,192000.0,20000.0,192000.0,0.0,2LDK,43.36,0.0,東京メトロ日比谷線,入谷,5,,,
川瀬コーポラス,東京都世田谷区北烏山７丁目,京王線 千歳烏山駅 徒歩21分、京王井の頭線 久我山駅 徒歩20分,42,3,83000.0,3000.0,0.0,83000.0,2DK,43.5,88000.0,京王線,千歳烏山,21,京王井の頭線,久我山,20
（仮称）杉並区成田西３丁目計画,東京都杉並区成田西３丁目,東京メトロ丸ノ内線 南阿佐ヶ谷駅 徒歩11分、ＪＲ中央線 阿佐ヶ谷駅 徒歩19分,0,2,197000.0,3000.0,197000.0,197000.0,2LDK,63.34,88000.0,東京メトロ丸ノ内線,南阿佐ヶ谷,11,ＪＲ中央線,阿佐ヶ谷,19
グランカーサ三ノ輪Ⅲ,東京都台東区日本堤２丁目,東京メトロ日比谷線 三ノ輪駅 徒歩6分,0,12,203000.0,12000.0,0.0,203000.0,2LDK,40.88,0.0,東京メトロ日比谷線,三ノ輪,6,,,
ロイヤルパレス荏原中延,東京都品川区西中延２丁目,東急池上線 荏原中延駅 徒歩5分、東急大井町線 中延駅 徒歩11分,39,4,105000.0,15000.0,0.0,0.0,2K,33.62,0.0,東急池上線,荏原中延,5,東急大井町線,中延,11
第一金子ビル,東京都足立区綾瀬４丁目,東京メトロ千代田線 綾瀬駅 徒歩5分、つくばエクスプレス 青井駅 徒歩12分,38,5,90000.0,5000.0,90000.0,90000.0,2DK,48.6,64000.0,東京メトロ千代田線,綾瀬,5,つくばエクスプレス,青井,12
グランセルコーバ,東京都練馬区豊玉北５丁目,西武池袋線 練馬駅 徒歩2分、都営大江戸線 練馬駅 徒歩1分,26,10,130000.0,8000.0,130000.0,260000.0,2DK,45.7,88000.0,西武池袋線,練馬,2,都営大江戸線,練馬,1
オークマンション,東京都台東区浅草３丁目,東京メトロ銀座線 浅草駅 徒歩8分、東武伊勢崎線 とうきょうスカイツリー駅 徒歩19分,44,7,89000.0,10000.0,89000.0,89000.0,2DK,41.67,88000.0,東京メトロ銀座線,浅草,8,東武伊勢崎線,とうきょうスカイツリー,19
ミハス大森山王Ⅱ,東京都大田区山王２丁目,ＪＲ京浜東北・根岸線 大森駅 徒歩10分,3,3,133000.0,8000.0,0.0,133000.0,2DK,44.71,0.0,ＪＲ京浜東北・根岸線,大森,10,,,
ミハス池尻,東京都世田谷区池尻２丁目,東急田園都市線 池尻大橋駅 徒歩6分,4,3,165000.0,10000.0,0.0,165000.0,2DK,43.67,0.0,東急田園都市線,池尻大橋,6,,,
ガーデン氷川台ハイム,東京都練馬区氷川台３丁目,東京メトロ有楽町線 氷川台駅 徒歩1分,35,6,91000.0,8000.0,91000.0,0.0,2DK,37.46,0.0,東京メトロ有楽町線,氷川台,1,,,
メゾンシティ７号館,東京都杉並区今川１丁目,西武新宿線 井荻駅 徒歩16分,1,2,172000.0,4000.0,172000.0,172000.0,2LDK,58.9,88000.0,西武新宿線,井荻,16,,,
ラティエラ滝野川,東京都北区滝野川５丁目,ＪＲ埼京線 板橋駅 徒歩8分、都営三田線 新板橋駅 徒歩5分,3,5,197000.0,15000.0,197000.0,0.0,2LDK,55.8,88000.0,ＪＲ埼京線,板橋,8,都営三田線,新板橋,5
レピュア大森山王,東京都大田区山王１丁目,ＪＲ京浜東北・根岸線 大森駅 徒歩7分、京急本線 大森海岸駅 徒歩14分,8,3,162000.0,8000.0,0.0,162000.0,2LDK,60.04,0.0,ＪＲ京浜東北・根岸線,大森,7,京急本線,大森海岸,14
ＣＩＴＹ　ＳＰＩＲＥ　平井,東京都江戸川区平井１丁目,ＪＲ総武線 平井駅 徒歩14分、都営新宿線 東大島駅 徒歩14分,16,13,208000.0,10000.0,208000.0,208000.0,3LDK,70.87,0.0,ＪＲ総武線,平井,14,都営新宿線,東大島,14
マンション御殿山,東京都品川区北品川５丁目,ＪＲ山手線 大崎駅 徒歩5分、都営浅草線 五反田駅 徒歩13分,44,11,186000.0,0.0,186000.0,186000.0,2LDK,50.68,88000.0,ＪＲ山手線,大崎,5,都営浅草線,五反田,13
ハウスＭ・Ⅱ,東京都杉並区西荻南１丁目,ＪＲ総武線 西荻窪駅 徒歩12分、京王井の頭線 久我山駅 徒歩15分,28,2,113000.0,2000.0,113000.0,0.0,2DK,47.09,88000.0,ＪＲ総武線,西荻窪,12,京王井の頭線,久我山,15
Ｂｅａｎ’ｓ新中野,東京都中野区中央３丁目,東京メトロ丸ノ内線 新中野駅 徒歩2分、ＪＲ総武線 中野駅 徒歩14分,21,3,138000.0,6000.0,138000.0,138000.0,2DK,38.0,88000.0,東京メトロ丸ノ内線,新中野,2,ＪＲ総武線,中野,14
ガーデンハイツたまがわ　Ａ棟,東京都世田谷区玉堤１丁目,東急大井町線 尾山台駅 徒歩20分、東急東横線 田園調布駅 徒歩18分,35,2,135000.0,0.0,135000.0,135000.0,2LDK,57.96,88000.0,東急大井町線,尾山台,20,東急東横線,田園調布,18
水元ハウス,東京都葛飾区水元３丁目,ＪＲ常磐線 金町駅 バス8分 水元総合スポーツセンター入口下車 徒歩2分、京成金町線 京成金町駅 バス8分 水元総合スポーツセンター入口下車 徒歩2分,52,2,133000.0,5000.0,266000.0,133000.0,2LDK,53.0,88000.0,,,,,,
南雪谷４丁目賃貸住宅,東京都大田区南雪谷４丁目,東急池上線 御嶽山駅 徒歩4分、東急池上線 雪が谷大塚駅 徒歩6分,28,2,215000.0,0.0,215000.0,215000.0,2LDK,75.56,88000.0,東急池上線,御嶽山,4,東急池上線,雪が谷大塚,6
パークアクシス浅草田原町ガーデン,東京都台東区寿１丁目,東京メトロ銀座線 田原町駅 徒歩5分、都営大江戸線 蔵前駅 徒歩7分,0,12,195000.0,12000.0,195000.0,0.0,2DK,40.47,0.0,東京メトロ銀座線,田原町,5,都営大江戸線,蔵前,7
シーズンフラッツ木場,東京都江東区木場３丁目,東京メトロ東西線 木場駅 徒歩8分,0,9,200000.0,15000.0,200000.0,0.0,2LDK,42.34,0.0,東京メトロ東西線,木場,8,,,
ヴィルドミール成城,東京都世田谷区成城９丁目,小田急小田原線 成城学園前駅 徒歩20分,24,5,136000.0,5500.0,136000.0,136000.0,2LDK,62.3,88000.0,小田急小田原線,成城学園前,20,,,
栗山ヴィレッジ七番館,東京都杉並区下井草２丁目,西武新宿線 下井草駅 徒歩3分,24,3,200000.0,14000.0,200000.0,200000.0,4SLDK,97.71,88000.0,西武新宿線,下井草,3,,,
S-RESIDENCE押上south,東京都墨田区業平４丁目,都営浅草線 押上駅 徒歩5分、東京メトロ半蔵門線 押上駅 徒歩5分,0,8,169000.0,15000.0,169000.0,169000.0,2DK,40.2,88000.0,都営浅草線,押上,5,東京メトロ半蔵門線,押上,5
リージア浅草橋,東京都台東区柳橋２丁目,ＪＲ総武線 浅草橋駅 徒歩5分、都営浅草線 浅草橋駅 徒歩3分,0,13,186000.0,20000.0,186000.0,0.0,2DK,40.04,0.0,ＪＲ総武線,浅草橋,5,都営浅草線,浅草橋,3
石神井ガーデンフラット,東京都練馬区石神井町５丁目,西武池袋線 石神井公園駅 バス3分 禅定院前下車 徒歩13分,25,5,166000.0,16000.0,166000.0,0.0,3LDK,84.28,88000.0,,,,,,
フォレステージ浜田山,東京都杉並区浜田山１丁目,京王井の頭線 浜田山駅 徒歩9分,27,3,190000.0,3000.0,190000.0,0.0,3LDK,65.97,88000.0,京王井の頭線,浜田山,9,,,
コーポ田園,東京都大田区田園調布５丁目,東急東横線 田園調布駅 徒歩12分、東急東横線 自由が丘駅 徒歩20分,4,2,178000.0,3500.0,178000.0,178000.0,2LDK,59.17,88000.0,東急東横線,田園調布,12,東急東横線,自由が丘,20
